case_id,case_dir,tumor_type,shape,spacing_x,spacing_y,spacing_z,orientation,tumor_voxels,tumor_volume_mm3,liver_voxels,liver_volume_mm3,connected_components,tumor_outside_liver_fraction,error_count,warning_count,nc_p01,nc_median,nc_p99,art_p01,art_median,art_p99,pvp_p01,pvp_median,pvp_p99,delay_p01,delay_median,delay_p99
230218a1,/projects/insightx-lab/Liver_Data/230218a1,BCLM,512x512x103,0.8125,0.8125,5.0,LPS,3777,12467.05078125,433822,1431951.5234375,7,0.0,0,0,-1024.0,-930.2080993652344,275.6013006591804,-1024.0,-73.85882568359375,222.46920150756858,-1024.0,-931.0,280.0,-1024.0,-74.25187683105469,192.06247009277376
230218a10,/projects/insightx-lab/Liver_Data/230218a10,BCLM,512x512x83,0.765625,0.765625,5.0,LPS,442,1295.46142578125,292910,858492.3217773438,2,0.0,0,0,-1024.0,-959.7002563476562,417.7649218749998,-1008.095458984375,0.0,240.4033505249023,-1024.0,-959.0,368.0,-1024.0,-959.9354858398438,424.58023681640225
230218a2,/projects/insightx-lab/Liver_Data/230218a2,BCLM,512x512x91,0.654296875,0.654296875,5.0,LPS,12836,27475.740432739258,697042,1492033.7381362915,58,0.020099719538797134,0,1,-1014.1454467773438,-760.3526306152344,420.82225463867144,-1010.9361572265625,0.0,266.67800354003884,-1013.0,-785.0,415.0,-1010.8782958984375,0.0,229.023849029541
230218a3,/projects/insightx-lab/Liver_Data/230218a3,BCLM,512x512x59,0.650390625,0.650390625,5.0,LPS,997,2108.6947059631348,384901,814080.943851471,1,0.004012036108324975,0,1,-1013.3469879150391,-824.6945190429688,255.64324951171898,-1012.991943359375,-801.4929809570312,278.3415832519531,-1013.0,-811.0,261.0,-1013.4470855712891,-817.5628051757812,260.97476959228527
230218a4,/projects/insightx-lab/Liver_Data/230218a4,BCLM,512x512x101,0.76171875,0.76171875,5.0,LPS,2004,5813.758850097656,462114,1340628.4217834473,1,0.035429141716566866,0,1,-1024.0,-913.3238525390625,267.834315185547,-1024.0,-72.70709991455078,221.75454452514657,-1024.0,-913.0,270.0,-1023.9981689453125,-56.55643081665039,194.51107696533222
230218a5,/projects/insightx-lab/Liver_Data/230218a5,BCLM,512x512x96,0.83203125,0.83203125,5.0,LPS,34807,120480.25382995605,505660,1750281.413269043,9,0.028672393484069296,0,1,-1024.0,-912.3985595703125,280.4831146240233,-1024.0,-97.53816604614258,205.97694183349597,-1024.0,-912.0,286.0,-1024.0,-12.545744895935059,163.78955902099608
230218a6,/projects/insightx-lab/Liver_Data/230218a6,BCLM,512x512x93,0.703125,0.703125,5.0,LPS,2994,7400.93994140625,386676,955833.6181640625,5,0.009352037408149633,0,1,-1013.7471978759766,-899.4425659179688,246.72407806396484,-1009.07470703125,0.0,210.72190979003904,-1014.0,-903.0,254.0,-1008.7880249023438,0.0,176.26440826416012
230218a7,/projects/insightx-lab/Liver_Data/230218a7,BCLM,512x512x69,0.671875,0.671875,5.0,LPS,498,1124.02587890625,398082,898502.9516601562,2,0.0,0,0,-1013.1352935791016,-925.7113342285156,297.40900115966747,-1016.5934631347657,-91.39691543579102,351.9369491577147,-1019.0,-940.0,369.0,-1010.9477935791016,0.0,181.51805877685524
230218a8,/projects/insightx-lab/Liver_Data/230218a8,BCLM,512x512x61,0.716796875,0.716796875,5.0,LPS,10603,27238.988246917725,412662,1060124.0562057495,7,0.05187211166650948,0,1,-1020.3185046386718,-914.213623046875,360.7995916748047,-1020.41259765625,-916.362548828125,366.47306091308576,-1020.0,-915.0,364.0,-1019.5514227294922,-912.3564453125,363.1422500610351
230218a9,/projects/insightx-lab/Liver_Data/230218a9,BCLM,512x512x59,0.765625,0.765625,5.0,LPS,170680,500247.412109375,516516,1513860.9814453125,1,0.007417389266463558,0,1,-1024.0,-948.9668273925781,226.6977333068849,-1024.0,-942.1101684570312,246.98030548095824,-1024.0,-953.0,236.0,-1024.0,-949.9814147949219,234.16774368286138
230218b1,/projects/insightx-lab/Liver_Data/230218b1,HCC,512x512x61,0.73828125,0.73828125,5.0,LPS,11606,31629.785614013672,346099,943222.2274017334,3,0.05893503360330863,0,1,-1018.0149639892578,-914.549072265625,343.9928756713867,-1021.8624371337891,-919.26904296875,354.44606628417966,-1024.0,-921.0,342.0,-1023.5709332275391,-921.1432495117188,347.8382391357421
230218b10,/projects/insightx-lab/Liver_Data/230218b10,HCC,512x512x54,0.775390625,0.775390625,5.0,LPS,1466,4407.020454406738,325031,977092.9504203796,3,0.39836289222373805,0,1,-1024.0,-451.3534393310547,224.88351821899414,-1024.0,-446.08262634277344,250.49043655395508,-1024.0,-448.0,227.0,-1024.0,-453.622802734375,219.1859474182129
230218b2,/projects/insightx-lab/Liver_Data/230218b2,HCC,512x512x60,0.6835939884185791,0.6835939884185791,5.0,LPS,21278,49716.12666749954,541354,1264875.6478972435,1,0.021618573174170506,0,1,-3024.098388671875,-831.4827270507812,349.5592465209943,-3024.957275390625,-819.3951110839844,365.69348449707013,-3024.0,-837.0,363.0,-3024.94970703125,-826.1734924316406,363.1409185791008
230218b3,/projects/insightx-lab/Liver_Data/230218b3,HCC,512x512x99,0.78125,0.78125,5.0,LPS,7971,24325.5615234375,240472,733862.3046875,1,0.9846945176263957,0,1,-1024.0,-963.145263671875,292.11506042480437,-1024.0,-963.1092529296875,334.82771148681456,-1024.0,-963.0,316.0,-1024.0,-962.933349609375,319.8751235961912
230218b4,/projects/insightx-lab/Liver_Data/230218b4,HCC,512x512x56,0.6953125,0.6953125,5.0,LPS,5635,13621.470642089844,351327,849261.8307495117,1,0.00709849157054126,0,1,-1016.5425415039062,-765.3234558105469,281.5201980590819,-1017.9627075195312,-814.1620483398438,300.70563934326054,-1018.0,-821.0,305.0,-1015.4240563964844,-827.8068237304688,275.2856625366209
230218b5,/projects/insightx-lab/Liver_Data/230218b5,HCC,512x512x75,0.7382810115814209,0.7382810115814209,5.0,LPS,2563,6984.9288120269775,358983,978334.2566242218,5,0.047990635973468594,0,1,-3024.058349609375,-994.7091064453125,268.60061767578145,-3024.960205078125,-993.9251098632812,278.0467529296875,-3024.0,-993.0,277.0,-3024.95556640625,-994.0438232421875,279.6926931762704
230218b6,/projects/insightx-lab/Liver_Data/230218b6,HCC,512x512x58,0.8203125,0.8203125,5.0,LPS,1552,5221.8017578125,313490,1054756.851196289,2,0.15399484536082475,0,1,-1024.0,-948.0560607910156,245.90284606933596,-1024.0,-947.3087768554688,284.03397918701177,-1024.0,-948.0,245.0,-1024.0,-947.7376708984375,238.61319717407227
230218b7,/projects/insightx-lab/Liver_Data/230218b7,HCC,512x512x100,0.72265625,0.72265625,5.0,LPS,31938,83395.23696899414,389001,1015743.9594268799,13,0.14803682134134885,0,1,-1020.252808227539,-923.2717895507812,241.70457672119096,-1020.7742315673828,-924.3341674804688,261.4675329589836,-1020.0,-926.0,244.0,-1015.7740478515625,0.0,164.96365386962884
230218b8,/projects/insightx-lab/Liver_Data/230218b8,HCC,512x512x60,0.7421879768371582,0.7421879768371582,5.0,LPS,5657,15580.594266653061,454010,1250441.1530852318,4,0.0021212656885274883,0,1,-3024.16943359375,-117.3336181640625,241.35322128295888,-3024.27587890625,-92.6496696472168,215.62172012329097,-3024.0,-115.0,247.0,-3025.043212890625,-113.10636901855469,248.34700317382794
230218b9,/projects/insightx-lab/Liver_Data/230218b9,HCC,512x512x86,0.68359375,0.68359375,5.0,LPS,531,1240.682601928711,483379,1129416.036605835,1,0.060263653483992465,0,1,-1011.3319702148438,-370.6336364746094,353.25424621581783,-1008.4180908203125,0.0,227.16002136230327,-1011.0,-595.0,358.0,-1008.2027587890625,0.0,201.49573043823221
230218c1,/projects/insightx-lab/Liver_Data/230218c1,HH,512x512x46,0.5859375,0.5859375,5.0,LPS,1599,2744.8654174804688,511951,878822.135925293,8,0.1350844277673546,0,1,-1015.23095703125,-935.2518005371094,264.27540496826157,-1014.5570538330078,-934.5516662597656,291.7791857910147,-1010.0,-936.0,273.0,-1014.9940795898438,-933.8875122070312,279.44692840576124
230218c10,/projects/insightx-lab/Liver_Data/230218c10,HH,512x512x63,0.734375,0.734375,5.0,LPS,59669,160899.43969726562,481062,1297199.6557617188,4,0.9668672174831152,0,1,-3024.093994140625,-953.0974426269531,347.81758941650355,-3024.9521484375,-965.9223937988281,369.71169921874935,-3024.0,-970.0,366.0,-3024.93212890625,-965.0135803222656,366.8761990356445
230218c3,/projects/insightx-lab/Liver_Data/230218c3,HH,512x512x70,0.6835939884185791,0.6835939884185791,5.0,LPS,19702,46033.796766757965,613676,1433856.2716798782,7,0.24916252157141408,0,1,-3024.912353515625,-948.6971740722656,345.9370501708986,-3024.95361328125,-956.6488952636719,360.4126580810557,-3024.0,-959.0,368.0,-3024.976806640625,-954.6234130859375,368.5571847534186
230218c4,/projects/insightx-lab/Liver_Data/230218c4,HH,512x512x58,0.716796875,0.716796875,5.0,LPS,24881,63919.01033401489,523289,1344323.5801887512,2,0.8884691129777742,0,1,-1024.0,-816.8736267089844,239.6677598571778,-1024.0,-798.4747009277344,304.9972024536134,-1024.0,-810.0,253.0,-1024.0,-798.0625305175781,254.10174285888678
230218c5,/projects/insightx-lab/Liver_Data/230218c5,HH,512x512x67,0.783203125,0.783203125,4.999848365783691,LPS,55476,170141.71277046204,533010,1634711.1241579056,3,0.2675210902011681,0,1,-1024.0,-932.0923461914062,303.74322875976577,-1024.0,-932.0418701171875,312.47573333740274,-1024.0,-933.0,311.0,-1024.0,-932.1715393066406,311.50232116699226
230218c6,/projects/insightx-lab/Liver_Data/230218c6,HH,512x512x60,0.6933590173721313,0.6933590173721313,5.0,LPS,118220,284169.37341213226,483261,1161630.6510279179,10,0.6687447132464895,0,1,-3025.02734375,-892.4720764160156,251.4061499023437,-3024.0244140625,-19.72274398803711,226.32306137084947,-3024.0,-904.0,271.0,-3025.01708984375,-903.6890869140625,267.17975769042914
230218c7,/projects/insightx-lab/Liver_Data/230218c7,HH,512x512x56,0.7109375,0.7109375,5.0,LPS,44992,113702.01171875,547804,1384388.7097167969,2,0.0038451280227596017,0,1,-1016.7233410644532,-869.2369384765625,281.03185241699214,-1018.1921838378906,-891.3169860839844,302.5017642211911,-1018.0,-897.0,305.0,-1018.2450787353515,-894.8933410644531,305.36090087890625
230218c8,/projects/insightx-lab/Liver_Data/230218c8,HH,512x512x63,0.6835939884185791,0.6835939884185791,5.0,LPS,136568,319091.643327713,517584,1209336.9538993835,8,0.4873762521234843,0,1,-3024.845703125,-952.1612548828125,287.5749392700193,-3025.0009765625,-957.7351379394531,400.4023751831053,-3024.0,-960.0,297.0,-3025.009521484375,-956.99609375,295.89700378417865
230312a1,/projects/insightx-lab/Liver_Data/230312a1,BCLM,512x512x58,0.779296875,0.779296875,5.0,LPS,853,2590.1499366760254,340611,1034271.465511322,1,0.0,0,0,-1024.0,-955.6044616699219,209.09076583862375,-1024.0,-955.2253112792969,282.6586691284181,-1024.0,-955.0,218.0,-1024.0,-954.7529602050781,203.8774218750001
230312a10,/projects/insightx-lab/Liver_Data/230312a10,BCLM,512x512x51,0.685546875,0.685546875,5.0,LPS,7941,18660.338230133057,447988,1052714.7214508057,8,0.011207656466439994,0,1,-1011.8735699462891,-906.0885314941406,300.2087405395516,-1012.732666015625,-901.5580139160156,345.75177825927744,-1014.0,-901.0,300.0,-1013.1214074707032,-902.7635498046875,340.4511245727547
230312a11,/projects/insightx-lab/Liver_Data/230312a11,BCLM,512x512x54,0.7109375,0.7109375,5.0,LPS,1755,4435.166931152344,422383,1067429.694519043,4,0.039316239316239315,0,1,-1014.07763671875,-931.2648315429688,264.7864303588867,-1013.4119415283203,-930.3255920410156,269.84388732910156,-1013.0,-931.0,247.0,-1014.7674865722656,-930.9849853515625,270.2892074584961
230312a12,/projects/insightx-lab/Liver_Data/230312a12,BCLM,512x512x55,0.69921875,0.69921875,5.0,LPS,862,2107.1885681152344,488505,1194167.2290802002,5,0.18793503480278423,0,1,-1021.8784674072266,-889.4930114746094,265.2268423461923,-1021.1969982910156,-813.7030029296875,282.436108093262,-1022.0,-879.0,278.0,-1021.5312994384766,-877.2070617675781,276.06550842285185
230312a13,/projects/insightx-lab/Liver_Data/230312a13,BCLM,512x512x49,0.71484375,0.71484375,5.0,LPS,2432,6213.779296875,373963,955478.4322357178,1,0.0,0,0,-1015.73193359375,-711.4079284667969,224.60343627929592,-1016.2935180664062,-627.4956970214844,240.1266235351561,-1016.0,-767.0,232.0,-1015.9999938964844,-769.4405212402344,233.03422241210842
230312a14,/projects/insightx-lab/Liver_Data/230312a14,BCLM,512x512x93,0.818359375,0.818359375,5.0,LPS,16870,56490.21282196045,388143,1299720.2534294128,2,0.00023710729104919976,0,1,-1024.0,-926.2943115234375,254.17663986206054,-1024.0,-25.32108974456787,217.30776885986313,-1024.0,-929.0,262.0,-1024.0,-21.486720085144043,200.66266677856441
230312a15,/projects/insightx-lab/Liver_Data/230312a15,BCLM,512x512x68,0.671875,0.671875,5.0,LPS,343380,775036.1572265625,1004041,2266200.938720703,10,0.00417904362513833,0,1,-1013.7093505859375,-859.1012878417969,357.93325225830074,-1012.5006158447266,-916.8163452148438,330.86163391113246,-1012.0,-917.0,334.0,-1014.4999389648438,-916.8759765625,388.5470043945311
230312a2,/projects/insightx-lab/Liver_Data/230312a2,BCLM,512x512x60,0.7207030057907104,0.7207030057907104,5.0,LPS,10919,28357.34201526642,462539,1201243.393937111,1,0.0005495008700430442,0,1,-3024.725830078125,-915.9559631347656,245.9455340576169,-3024.939697265625,-969.0109252929688,309.51347473144506,-3024.0,-972.0,259.0,-3024.96533203125,-968.5546875,257.7762823486328
230312a3,/projects/insightx-lab/Liver_Data/230312a3,BCLM,512x512x53,0.720703125,0.720703125,5.0,LPS,45049,116995.17992019653,534381,1387822.1767616272,15,0.004772580967391063,0,1,-1018.451904296875,-863.1737976074219,306.1325894165039,-1018.9608764648438,-815.1983032226562,314.5515634155269,-1019.0,-848.0,311.0,-1018.9298706054688,-849.2601623535156,313.8168643188472
230312a4,/projects/insightx-lab/Liver_Data/230312a4,BCLM,512x512x52,0.76953125,0.76953125,5.0,LPS,357,1057.038345336914,461173,1365483.318862915,2,0.15406162464985995,0,1,-1024.0,-922.5538940429688,260.56460937499924,-1024.0,-922.2726440429688,285.0157403564451,-1024.0,-923.0,267.0,-1024.0,-922.155029296875,267.42420745849574
230312a5,/projects/insightx-lab/Liver_Data/230312a5,BCLM,512x512x92,0.73046875,0.73046875,5.0,LPS,7832,20895.172729492188,507973,1355232.8366851807,24,0.01710929519918284,0,1,-1022.6572589111328,-949.0338745117188,357.4579760742199,-1014.8082598876953,-36.08883285522461,263.068485107422,-1024.0,-950.0,370.0,-1009.9925537109375,0.0,231.61977340698422
230312a6,/projects/insightx-lab/Liver_Data/230312a6,BCLM,512x512x58,0.603515625,0.603515625,5.0,LPS,3706,6749.202461242676,475682,866290.9134292603,1,0.23232595790609822,0,1,-1015.1790460205078,-917.3013916015625,266.35031829834,-1014.9721978759766,-917.2319030761719,361.1898760986329,-1012.0,-918.0,269.0,-1015.3923638916016,-917.1357116699219,291.49785522460957
230312a7,/projects/insightx-lab/Liver_Data/230312a7,BCLM,512x512x97,0.7109375,0.7109375,5.0,LPS,1595,4030.8212280273438,388411,981576.9931030273,13,0.11912225705329153,0,1,-1019.4310504150391,-928.2175903320312,319.07505187988227,-1007.5234375,0.0,235.3259437561012,-1015.0,-927.0,375.0,-1011.0939331054688,-31.718217849731445,252.83763015747013
230312a8,/projects/insightx-lab/Liver_Data/230312a8,BCLM,512x512x53,0.68359375,0.68359375,5.0,LPS,119204,278520.39337158203,503469,1176356.3632965088,6,0.2874651857320224,0,1,-1009.71630859375,-962.42724609375,331.45870910644464,-1010.509521484375,-961.9753112792969,346.8523339843748,-1011.0,-962.0,342.0,-1010.0111694335938,-945.8184509277344,294.0071078491205
230312a9,/projects/insightx-lab/Liver_Data/230312a9,BCLM,512x512x54,0.7109375,0.7109375,5.0,LPS,8395,21215.513610839844,455902,1152137.592163086,31,0.0699225729600953,0,1,-1011.9329833984375,-948.2215881347656,326.4857711791992,-1012.6251831054688,-948.1888427734375,339.3534851074219,-1013.0,-948.0,338.0,-1012.5094909667969,-948.0803833007812,336.045654296875
230408a1,/projects/insightx-lab/Liver_Data/230408a1,BCLM,512x512x103,0.9667969942092896,0.9667969942092896,5.0,LPS,833,3893.0104570388794,292607,1367493.5303754807,2,0.0,0,0,-3024.130859375,-647.8429870605469,235.47878845215155,-3024.08056640625,-355.20416259765625,188.3436637878421,-3024.0,-983.0,231.0,-3024.083740234375,-346.43885803222656,149.5468647766125
230408a11,/projects/insightx-lab/Liver_Data/230408a11,BCLM,512x512x52,0.66015625,0.66015625,5.0,LPS,47497,103497.45307922363,441919,962955.3649139404,102,0.020043371160283808,0,1,-1013.0709997558594,-911.3468933105469,376.80996765136547,-1013.6673663330079,-910.8004760742188,385.38542999267486,-1014.0,-911.0,389.0,-1013.3624426269531,-910.9466857910156,391.24917327880837
230408a12,/projects/insightx-lab/Liver_Data/230408a12,BCLM,512x512x59,0.62109375,0.62109375,5.0,LPS,15426,29753.47183227539,502652,969508.7594604492,4,0.0031764553351484506,0,1,-1011.7597686767579,-771.7034606933594,248.37895965576183,-1012.0115356445312,-725.8581237792969,297.4363693237309,-1012.0,-744.0,262.0,-1012.0595703125,-722.7312927246094,264.34591979980473
230408a13,/projects/insightx-lab/Liver_Data/230408a13,BCLM,512x512x50,0.66796875,0.66796875,5.0,LPS,335,747.3552703857422,488635,1090101.321029663,3,0.0,0,0,-1012.0623779296875,-908.1907958984375,249.39694900512646,-1012.6826782226562,-887.4708251953125,272.1762802124021,-1012.0,-907.0,259.0,-1012.1471557617188,-907.2681274414062,258.23102050781176
230408a3,/projects/insightx-lab/Liver_Data/230408a3,BCLM,512x512x54,0.666015625,0.6660150289535522,5.0,LPS,9088,20156.113037109375,502356,1114166.4085464478,4,0.053257042253521125,0,1,-3000.947509765625,-940.8743286132812,330.6728820800781,-3000.9306640625,-941.3177490234375,337.7903366088867,-3000.0,-942.0,344.0,-3000.995849609375,-940.8103637695312,342.7845458984375
230408a4,/projects/insightx-lab/Liver_Data/230408a4,BCLM,512x512x60,0.5859375,0.5859370231628418,5.0,LPS,2030,3484.723290205002,518552,890152.8234395981,26,0.04433497536945813,0,1,-3000.981105957031,-332.49339294433594,567.9458532714834,-3000.9677734375,-278.8865966796875,578.1694946289062,-3000.0,-312.0,583.0,-3000.900390625,-331.39642333984375,591.2878063964836
230408a5,/projects/insightx-lab/Liver_Data/230408a5,BCLM,512x512x81,0.8515625,0.8515625,5.0,LPS,696,2523.55224609375,308387,1118147.566833496,4,0.20977011494252873,0,1,-1024.0,-972.9256286621094,277.45947357177795,-1024.0,0.0,220.96645492553722,-1024.0,-990.0,286.0,-1024.0,-988.2404174804688,322.1476693725605
230408a6,/projects/insightx-lab/Liver_Data/230408a6,BCLM,512x512x85,0.603515625,0.603515625,5.0,LPS,9226,16801.981086730957,554994,1010730.4022598267,3,0.0,0,0,-1013.8801879882812,-122.13029861450195,423.70911254882776,-1012.8939819335938,0.0,304.02119049072235,-1015.0,-127.0,489.0,-1011.5807495117188,0.0,286.9626168823238
230408a7,/projects/insightx-lab/Liver_Data/230408a7,BCLM,512x512x91,0.8515625,0.8515625,5.0,LPS,160,580.126953125,358205,1298777.345275879,2,0.05,0,1,-1024.0,-952.48388671875,267.7810928344725,-1024.0,0.0,198.77310089111324,-1024.0,-957.0,277.0,-1024.0,-956.5672302246094,299.26219604492144
230408a8,/projects/insightx-lab/Liver_Data/230408a8,BCLM,512x512x81,0.81640625,0.81640625,5.0,LPS,1685,5615.423965454102,414854,1382540.7084655762,3,0.08664688427299704,0,1,-1024.0,-956.8113403320312,251.30912841797021,-1024.0,-955.5989990234375,286.36107940673844,-1024.0,-956.0,263.0,-1024.0,-955.6893920898438,289.1160266113284
230408a9,/projects/insightx-lab/Liver_Data/230408a9,BCLM,512x512x60,0.732421875,0.732421875,5.0,LPS,7155,19191.205501556396,423768,1136634.349822998,41,0.0037735849056603774,0,1,-1023.9855346679688,-955.4059143066406,351.4891796874999,-1023.9752807617188,-955.1304321289062,371.00739807128866,-1024.0,-955.0,376.0,-1023.9749755859375,-954.9067993164062,377.702880859375
230525a1,/projects/insightx-lab/Liver_Data/230525a1,BCLM,512x512x52,0.703125,0.703125,5.0,LPS,4871,12040.740966796875,409709,1012769.4396972656,41,0.008006569492917266,0,1,-1013.5556188964844,-854.2302856445312,256.5205114746086,-1014.4553381347656,-844.3308410644531,282.8821755981445,-1014.0,-862.0,269.0,-1013.9307940673829,-865.3414611816406,268.57680419921735
230525a2,/projects/insightx-lab/Liver_Data/230525a2,BCLM,512x512x56,0.638671875,0.638671875,5.0,LPS,5731,11688.425045013428,470233,959044.3507575989,10,0.04292444599546327,0,1,-1014.7477032470703,-848.3297729492188,294.43121765136664,-1015.8236083984375,-812.1855773925781,321.7572064208979,-1016.0,-833.0,304.0,-1013.206138305664,-832.4733581542969,277.1499240112284
230525a3,/projects/insightx-lab/Liver_Data/230525a3,BCLM,512x512x54,0.6328125,0.6328125,5.0,LPS,15730,31495.523071289062,548055,1097347.673034668,2,0.0,0,0,-1012.4993286132812,-729.2424926757812,218.76738739013672,-1013.4382934570312,-568.1392517089844,277.3901596069336,-1012.0,-737.0,239.0,-1013.38671875,-719.114990234375,237.49295806884766
230525a4,/projects/insightx-lab/Liver_Data/230525a4,BCLM,512x512x92,0.744140625,0.744140625,5.0,LPS,4389,12151.939945220947,461539,1277875.19033432,44,0.00888585099111415,0,1,-1024.0,-913.2754211425781,586.0896966552737,-1014.8128662109375,-55.75679016113281,335.58685729980607,-1024.0,-913.0,594.0,-1013.5194415283203,-0.14149565249681473,283.0159051513674
230525a5,/projects/insightx-lab/Liver_Data/230525a5,BCLM,512x512x104,0.73046875,0.73046875,5.0,LPS,680,1814.1876220703125,422671,1127653.6711883545,5,0.0,0,0,-1021.8902587890625,-927.6707458496094,277.3060302734375,-1013.7325592041016,-59.32781219482422,241.4190330505371,-1021.0,-927.0,287.0,-1021.5907135009766,-926.7988891601562,316.8766403198242
230525b1,/projects/insightx-lab/Liver_Data/230525b1,HCC,512x512x71,0.802734375,0.802734375,5.0,LPS,27430,88377.05669403076,377542,1216407.2452926636,1,0.0007655851257746992,0,1,-1024.0,-903.757080078125,263.8744348144528,-1024.0,-903.994873046875,279.9405471801757,-1024.0,-904.0,273.0,-1024.0,-903.47021484375,269.3167398071288
230525b10,/projects/insightx-lab/Liver_Data/230525b10,HCC,512x512x103,0.66796875,0.66796875,5.0,LPS,30785,68678.60298156738,530270,1182985.311126709,2,0.0018190677277895079,0,1,-1012.4328002929688,-148.33346557617188,460.07996276855624,-1013.2985650634765,-204.6282958984375,520.4632421875003,-1013.0,-375.0,457.0,-1013.3624267578125,-238.32472229003906,518.4325524902365
230525b2,/projects/insightx-lab/Liver_Data/230525b2,HCC,512x512x73,0.921875,0.921875,5.0,LPS,49313,209544.13208007812,455434,1935260.9301757812,8,0.11398616997546286,0,1,-1024.003662109375,-923.6924438476562,223.50881790161225,-1024.003662109375,-921.1533508300781,217.99015487670908,-1024.0,-921.0,219.0,-1024.0028076171875,-920.4295043945312,216.57850402832082
230525b3,/projects/insightx-lab/Liver_Data/230525b3,HCC,512x512x58,0.6328125,0.6328125,5.0,LPS,149032,298400.55908203125,700808,1403198.6352539062,2,0.0327446454452735,0,1,-1011.6392211914062,-885.7120666503906,259.57996307373065,-1011.4220269775391,-879.0921936035156,288.9920437622072,-1011.0,-880.0,268.0,-1010.6734008789062,-365.8505096435547,237.6332572937013
230525b4,/projects/insightx-lab/Liver_Data/230525b4,HCC,512x512x46,0.634765625,0.634765625,5.0,LPS,1787,3600.156307220459,330648,666135.6925964355,2,0.0,0,0,-1011.5016479492188,-938.7727661132812,321.05547698974567,-1011.0274658203125,-938.0887451171875,344.70008972167966,-1011.0,-937.0,328.0,-1010.806138305664,-936.5814514160156,327.8400015258786
230525b5,/projects/insightx-lab/Liver_Data/230525b5,HCC,512x512x56,0.751953125,0.751953125,5.0,LPS,73464,207695.0340270996,444642,1257077.416419983,3,0.010590221060655559,0,1,-1024.0,-914.6045837402344,257.315823974609,-1024.0,-913.4117126464844,267.47923095703095,-1024.0,-913.0,265.0,-1024.0,-913.279541015625,269.5931652832023
230525b6,/projects/insightx-lab/Liver_Data/230525b6,HCC,512x512x99,0.75390625,0.75390625,5.0,LPS,26657,75755.8130645752,358211,1017990.2297210693,4,0.0034887646771954834,0,1,-1024.0,-890.3405456542969,293.22189788818343,-1023.9999389648438,-31.353047370910645,195.67713775634763,-1024.0,-888.0,292.0,-1023.9998779296875,-14.051116943359375,176.49639816284122
230525b7,/projects/insightx-lab/Liver_Data/230525b7,HCC,512x512x57,0.6796875,0.6796875,5.0,LPS,2339,5402.798767089844,547773,1265287.4258422852,3,0.029499786233433092,0,1,-1014.025390625,-526.0801696777344,297.5965469360342,-1013.9797930908203,-315.11268615722656,314.42760131835894,-1014.0,-352.0,307.0,-1014.1106567382812,-572.9379577636719,302.15442230224585
230525b8,/projects/insightx-lab/Liver_Data/230525b8,HCC,512x512x62,0.791015625,0.791015625,5.0,LPS,52882,165442.84915924072,434601,1359661.6559028625,3,0.003309254566771302,0,1,-1024.0,-922.3005065917969,245.78869888305684,-1024.0,-922.2691040039062,289.4521542358399,-1024.0,-923.0,247.0,-1024.0,-922.0413208007812,251.69856140136721
230525b9,/projects/insightx-lab/Liver_Data/230525b9,HCC,512x512x70,0.7820000052452087,0.7820000052452087,5.0,LPS,11346,34691.75707054138,355035,1085562.1339273453,2,0.1631411951348493,0,1,-2048.517333984375,-991.08056640625,313.9892654418952,-2048.488525390625,-990.8187255859375,347.75486022949235,-2048.0,-991.0,317.0,-2048.0244140625,-84.81647491455078,256.1030801391605
230525c1,/projects/insightx-lab/Liver_Data/230525c1,HH,512x512x71,0.806640625,0.806640625,5.0,LPS,62264,202566.3035583496,604160,1965541.2109375,2,0.029423101631761532,0,1,-1024.0,-810.51318359375,266.08832519531234,-1024.0,-802.306884765625,264.4890496826167,-1024.0,-813.0,271.0,-1024.0,-825.2037048339844,270.217290344238
230525c10,/projects/insightx-lab/Liver_Data/230525c10,HH,512x512x55,0.693359375,0.693359375,5.0,LPS,161615,388479.81214523315,640620,1539881.4296722412,4,0.03336942734275902,0,1,-1014.5549926757812,-919.7799682617188,301.3520397949226,-1014.1838989257812,-916.2236022949219,305.07769287109477,-1014.0,-921.0,307.0,-1014.1642456054688,-920.7850341796875,303.4583584594731
230525c2,/projects/insightx-lab/Liver_Data/230525c2,HH,512x512x71,0.7820000052452087,0.7820000052452087,5.0,LPS,280376,857283.2787246704,730205,2232689.4475317,9,0.08172953462493224,0,1,-2048.544677734375,-983.6352233886719,312.61859130859375,-2048.5556640625,-983.3762817382812,338.3151034545898,-2048.0,-985.0,314.0,-2048.00390625,0.0,276.02552917480466
230525c3,/projects/insightx-lab/Liver_Data/230525c3,HH,512x512x79,0.7820000052452087,0.7820000052452087,5.0,LPS,112759,344774.17905139923,467319,1428883.943455696,5,0.030942097748295035,0,1,-2048.505126953125,-993.8926391601562,332.01792907714844,-2048.51123046875,-993.4988708496094,337.9220504760742,-2048.0,-994.0,335.0,-2048.49462890625,-993.6036376953125,335.7657165527344
230525c4,/projects/insightx-lab/Liver_Data/230525c4,HH,512x512x78,0.78515625,0.78515625,5.0,LPS,99339,306197.7339935303,626823,1932088.929977417,3,0.0017616444699463454,0,1,-1024.0,-358.3135070800781,352.19840484619374,-1024.0,-338.27854919433594,356.91115814209013,-1024.0,-365.0,359.0,-1024.0,-374.58245849609375,360.0791680908212
230525c5,/projects/insightx-lab/Liver_Data/230525c5,HH,512x512x53,0.60546875,0.60546875,5.0,LPS,64365,117978.60145568848,501179,918642.0803070068,7,0.6027188689505166,0,1,-1012.3016967773438,-917.1940002441406,323.67647766113157,-1012.6394464111328,-916.2139587402344,346.1565386962885,-1012.0,-917.0,341.0,-1012.8058282470703,-916.7662048339844,338.5555541992178
230525c7,/projects/insightx-lab/Liver_Data/230525c7,HH,512x512x51,0.62109375,0.62109375,5.0,LPS,38311,73893.76762390137,481545,928797.847366333,4,0.08783378142047976,0,1,-1013.6839337158203,-932.3952331542969,370.1905102539067,-1013.3657836914062,-931.7518310546875,383.37732360839846,-1013.0,-932.0,381.0,-1013.3157348632812,-931.6830444335938,382.4196340942383
230525c8,/projects/insightx-lab/Liver_Data/230525c8,HH,512x512x70,0.62890625,0.62890625,5.0,LPS,20722,40980.145416259766,480100,949453.1326293945,2,0.054820963227487696,0,1,-1012.7337902832031,-897.6111755371094,395.6501043701205,-1013.086669921875,-880.58154296875,399.24191894531305,-1013.0,-889.0,404.0,-1013.4864630126954,-885.6533813476562,407.53296203613854
230525c9,/projects/insightx-lab/Liver_Data/230525c9,HH,512x512x60,0.615234375,0.615234375,5.0,LPS,178855,338495.01371383667,794980,1504552.6599884033,3,0.06917335271588718,0,1,-1012.251953125,-915.7386779785156,353.0171026611324,-1012.5736694335938,-915.587158203125,360.1642926025388,-1012.0,-916.0,362.0,-1012.9100103759765,-914.9512634277344,364.6568377685535
230525d1,/projects/insightx-lab/Liver_Data/230525d1,ICC,512x512x62,0.71484375,0.71484375,5.0,LPS,3884,9923.650817871094,684529,1748977.0264434814,2,0.012873326467559218,0,1,-1018.1702105712891,-460.1766662597656,278.8824035644534,-1019.2753741455078,-472.8845520019531,288.7152700805676,-1019.0,-460.0,285.0,-1016.997802734375,-447.84278869628906,259.4627688598638
230525d10,/projects/insightx-lab/Liver_Data/230525d10,ICC,512x512x99,0.75,0.75,5.0,LPS,46390,130471.875,583179,1640190.9375,3,0.0184091399008407,0,1,-1024.0,-412.94207763671875,308.7313354492185,-1023.9932861328125,-3.7341172287597146e-07,219.9608680725084,-1024.0,-419.0,353.0,-1023.9905395507812,-1.7006252406304156e-08,169.25510177612256
230525d2,/projects/insightx-lab/Liver_Data/230525d2,ICC,512x512x57,0.611328125,0.611328125,5.0,LPS,45403,84840.51717758179,579978,1083752.9121780396,4,0.01750985617690461,0,1,-1010.2437091064453,-775.8561401367188,364.78101409911983,-1010.82763671875,-761.1514282226562,412.2677963256831,-1011.0,-783.0,362.0,-1010.9493408203125,-769.27392578125,424.1510299682607
230525d3,/projects/insightx-lab/Liver_Data/230525d3,ICC,512x512x51,0.7820000052452087,0.7820000052452087,5.0,LPS,40981,125304.32720851898,329831,1008497.8782243729,2,0.14082135623825676,0,1,-2049.6461352539063,-992.9241333007812,298.4338980102541,-2049.62744140625,-993.4739379882812,350.40677551269573,-2048.0,-994.0,302.0,-2049.564208984375,-993.5245361328125,302.70418273925816
230525d4,/projects/insightx-lab/Liver_Data/230525d4,ICC,512x512x66,0.7753909826278687,0.7753909826278687,5.0,LPS,66850,200961.51050329208,428464,1288029.5083961487,5,0.006432311144353029,0,1,-3025.002685546875,-969.7646789550781,275.8697085571248,-3028.3557055664064,-976.5686340332031,308.9174761962877,-3024.0,-979.0,290.0,-3024.142333984375,-312.6214904785156,281.1416003417944
230525d5,/projects/insightx-lab/Liver_Data/230525d5,ICC,512x512x69,0.7820000052452087,0.7820000052452087,5.0,LPS,69999,214030.34577655792,487657,1491069.8200025558,2,0.1019871712453035,0,1,-2048.0,-986.0,329.0,-2048.0,-986.0,378.0,-2048.0,-986.0,334.0,-2048.0,-986.0,333.0
230525d6,/projects/insightx-lab/Liver_Data/230525d6,ICC,512x512x73,0.80859375,0.80859375,5.0,LPS,22883,74807.25608825684,480012,1569216.4755249023,4,0.005375169339684482,0,1,-1024.0,-947.0,354.0,-1024.0,-947.0,354.0,-1024.0,-946.0,357.0,-1024.0,-947.0,357.0
230525d7,/projects/insightx-lab/Liver_Data/230525d7,ICC,512x512x61,0.837890625,0.837890625,5.0,LPS,35516,124671.93901062012,468630,1645033.5279464722,2,0.029141795247212523,0,1,-1024.0,-944.8228759765625,256.42945495605466,-1024.0,-944.4421997070312,290.00974395751945,-1024.0,-945.0,264.0,-1024.0001220703125,-944.6746826171875,264.93137634277343
230525d8,/projects/insightx-lab/Liver_Data/230525d8,ICC,512x512x63,0.75,0.75,5.0,LPS,89693,252261.5625,709650,1995890.625,18,0.011784643171707937,0,1,-1024.0,-882.0978393554688,235.36421051025377,-1024.0,-871.576171875,290.9049789428707,-1024.0,-901.0,273.0,-1024.0,-875.0732116699219,267.78142333984124
230525d9,/projects/insightx-lab/Liver_Data/230525d9,ICC,512x512x57,0.623046875,0.623046875,5.0,LPS,62479,121267.80546188354,717694,1392998.8695907593,4,0.0004481505785944077,0,1,-1011.6124835205078,-858.6152648925781,361.9520956420895,-1011.935054321289,-816.2894592285156,384.14939086914,-1012.0,-867.0,344.0,-1011.9896807861328,-843.8983154296875,378.664295043945
230816b01,/projects/insightx-lab/Liver_Data/230816b01,HCC,512x512x66,0.859375,0.859375,5.0,LPS,5209,19234.893798828125,326631,1206126.4343261719,1,0.0,0,0,-1024.0,-948.1753540039062,210.28315994262584,-1024.0,-948.3834228515625,238.36834167480447,-1024.0,-948.0,216.0,-1024.0001220703125,-947.6775512695312,220.71635162353505
230816b02,/projects/insightx-lab/Liver_Data/230816b02,HCC,512x512x97,0.71484375,0.71484375,5.0,LPS,1035,2644.4332122802734,593935,1517508.6376190186,2,0.0,0,0,-1017.5531616210938,-753.6654357910156,352.96537261962885,-1013.802734375,0.0,244.51965682983314,-1018.0,-793.0,359.0,-1014.287841796875,0.0,242.5399604797351
230816b03,/projects/insightx-lab/Liver_Data/230816b03,HCC,512x512x64,0.693359375,0.693359375,5.0,LPS,10749,25837.759494781494,547861,1316913.2714271545,3,0.0324681365708438,0,1,-1014.1663818359375,-118.7746353149414,236.5034667968746,-1013.6050323486328,-113.72000885009766,268.0333938598632,-1015.0,-118.0,243.0,-1014.0877075195312,-115.1291618347168,245.73963165283197
230816b04,/projects/insightx-lab/Liver_Data/230816b04,HCC,512x512x80,0.669921875,0.669921875,5.0,LPS,59332,133139.61921691895,501767,1125953.4031486511,1,0.003134901907908043,0,1,-1013.4244879150391,-920.98779296875,326.87682250976513,-1011.0048217773438,0.0,217.00072662353512,-1014.0,-921.0,332.0,-1011.7266235351562,0.0,206.4729916381824
230816b05,/projects/insightx-lab/Liver_Data/230816b05,HCC,512x512x49,0.68359375,0.68359375,5.0,LPS,1901,4441.690444946289,449692,1050706.2911987305,1,0.0,0,0,-1016.6624420166015,-915.4365844726562,213.01981811523365,-1017.0075958251953,-913.8113708496094,265.77016448974575,-1017.0,-914.0,220.0,-1017.1466064453125,-914.0693969726562,222.11084213256737
230816b06,/projects/insightx-lab/Liver_Data/230816b06,HCC,512x512x65,0.7578125,0.7578125,5.0,LPS,81038,232692.42614746094,415752,1193789.8461914062,1,0.00415854290579728,0,1,-1024.0,-920.1214904785156,310.5637469482424,-1024.0,-846.1664733886719,372.44535156250004,-1024.0,-919.0,316.0,-1024.0,-833.9331970214844,306.6969812011721
230816b07,/projects/insightx-lab/Liver_Data/230816b07,HCC,512x512x61,0.771484375,0.771484375,5.0,LPS,831,2473.0067253112793,571286,1700113.2612228394,4,0.07581227436823104,0,1,-1024.0,-841.5274658203125,245.2401768493652,-1024.0,-834.5010681152344,246.86576919555657,-1024.0,-832.0,249.0,-1024.0,-841.3511047363281,249.14674209594725
230816b08,/projects/insightx-lab/Liver_Data/230816b08,HCC,512x512x61,0.728515625,0.728515625,5.0,LPS,4613,12241.403141021729,485265,1287735.6373786926,1,0.0,0,0,-1022.9642437744141,-818.0173645019531,290.7529592895507,-1021.2664898681641,-779.3797607421875,292.97143463134756,-1023.0,-807.0,300.0,-1020.5734771728515,-794.9245300292969,298.7163919067381
230816b09,/projects/insightx-lab/Liver_Data/230816b09,HCC,512x512x53,0.7421875,0.7421875,5.0,LPS,102195,281466.63665771484,466858,1285825.6378173828,2,0.0002250599344390626,0,1,-1023.9998168945312,-935.6241760253906,277.93318450927717,-1023.9998779296875,-935.1715087890625,284.55818054199165,-1024.0,-935.0,282.0,-1023.9998779296875,-934.9049682617188,281.93648559570306
230816b10,/projects/insightx-lab/Liver_Data/230816b10,HCC,512x512x70,0.708984375,0.708984375,5.0,LPS,143575,360846.2176322937,468950,1178609.3244552612,2,0.11187880898485113,0,1,-1018.2025274658204,-892.6983337402344,306.7135488891606,-1018.4634399414062,-897.2965698242188,316.56225067138735,-1018.0,-902.0,317.0,-1018.4281005859375,-898.8999633789062,313.9237579345722
230816b11,/projects/insightx-lab/Liver_Data/230816b11,HCC,512x512x68,0.771484375,0.771484375,5.0,LPS,12553,37356.98366165161,485806,1445729.8498153687,1,0.12323747311399666,0,1,-1024.0,-891.0723266601562,292.93304595947245,-1024.0,-856.2999267578125,296.49695373535155,-1024.0,-891.0,297.0,-1024.0,-864.3385925292969,299.672167663574
230816b12,/projects/insightx-lab/Liver_Data/230816b12,HCC,512x512x105,0.748046875,0.748046875,5.0,LPS,121196,339090.729598999,667066,1866364.373664856,2,0.0075745074094854615,0,1,-1024.0,-925.7305908203125,601.3138604736321,-1024.0,-928.564697265625,607.665968017573,-1024.0,-928.0,556.0,-1024.0,-928.4264221191406,610.0987445068324
230816b13,/projects/insightx-lab/Liver_Data/230816b13,HCC,512x512x63,0.66015625,0.66015625,5.0,LPS,9380,20439.31427001953,501975,1093819.2729949951,2,0.020788912579957356,0,1,-1014.2637329101562,-917.2529907226562,473.8840881347651,-1015.1585870361328,-912.8409423828125,486.84853881835534,-1015.0,-913.0,489.0,-1014.9158679199219,-913.8128051757812,487.7663729858366
230816b14,/projects/insightx-lab/Liver_Data/230816b14,HCC,512x512x65,0.650390625,0.650390625,5.0,LPS,8803,18618.695583343506,505801,1069789.2587471008,2,0.018289219584232647,0,1,-1012.6498303222656,-104.57883834838867,322.12888458251985,-1014.1836187744141,-114.25782012939453,332.3916390991211,-1015.0,-829.0,351.0,-1014.5912475585938,-371.52037048339844,307.90408935546884
230816b15,/projects/insightx-lab/Liver_Data/230816b15,HCC,512x512x98,0.7734375,0.7734375,5.0,LPS,51116,152889.37866210938,442406,1323248.6590576172,2,0.0269387275999687,0,1,-1024.0,-724.9298706054688,351.4386309814463,-1024.0,0.0,256.6864590454102,-1024.0,-791.0,357.0,-1024.0,0.0,234.71328125000036
230906d01,/projects/insightx-lab/Liver_Data/230906d01,ICC,512x512x105,0.7539060115814209,0.7539060115814209,5.0,LPS,11351,32258.08069038391,557840,1585309.4645690918,2,0.0,1,0,-3024.0,-905.0,292.0,-3024.0,-877.0,307.0,-3024.0,-880.0,312.0,-3024.0,-878.0,309.0
230906d02,/projects/insightx-lab/Liver_Data/230906d02,ICC,512x512x51,0.662109375,0.662109375,5.0,LPS,5156,11301.66389465332,386597,847399.0218544006,1,0.0,2,0,-1012.0,-916.0,198.0,-1013.0,-914.0,258.0,-1013.0,-915.0,208.0,-1013.0,-915.0,212.0
230906d03,/projects/insightx-lab/Liver_Data/230906d03,ICC,512x512x72,0.7820000052452087,0.7820000052452087,5.0,LPS,99593,304517.5534925461,517951,1583697.36175251,8,0.03544425813059151,0,1,-2048.0,-883.0,304.0,-2048.0,-887.0,315.0,-2048.0,-891.0,307.0,-2048.0,-873.0,306.0
230906d04,/projects/insightx-lab/Liver_Data/230906d04,ICC,512x512x91,0.662109375,0.662109375,5.0,LPS,17894,39222.648124694824,519295,1138265.622997284,4,0.022074438359226557,0,1,-1012.9859619140625,-849.668701171875,343.62485778808514,-1011.5106811523438,0.0,250.22696777343663,-1013.0,-841.0,351.0,-1011.591064453125,0.0,252.66801132202136
230906d05,/projects/insightx-lab/Liver_Data/230906d05,ICC,512x512x104,0.78515625,0.78515625,5.0,LPS,7256,22365.543823242188,575728,1774596.1706542969,1,0.003169790518191841,0,1,-1024.0,-935.290283203125,304.1031723022461,-1024.0,0.0,229.727294921875,-1024.0,-938.0,301.0,-1024.0,-935.8067016601562,331.6400451660156
230906d06,/projects/insightx-lab/Liver_Data/230906d06,ICC,512x512x100,0.7820000052452087,0.7820000052452087,5.0,LPS,33035,101008.47830295563,363140,1110344.1444206238,3,0.00015135462388375965,0,1,-2048.543701171875,-988.4113159179688,338.3543420410151,-2048.007080078125,-21.351797103881836,263.49176025390625,-2048.0,-989.0,330.0,-2048.009765625,-41.295379638671875,258.9527590942382
230906d07,/projects/insightx-lab/Liver_Data/230906d07,ICC,512x512x57,0.7421875,0.7421875,5.0,LPS,1897,5224.739074707031,432127,1190169.1207885742,3,0.0005271481286241434,0,1,-1024.0,-922.0,234.0,-1024.0,-922.0,272.0,-1024.0,-921.0,236.0,-1024.0,-921.0,238.0
230906d08,/projects/insightx-lab/Liver_Data/230906d08,ICC,512x512x71,0.697265625,0.697265625,5.0,LPS,150750,366457.6864242554,613109,1490404.6810340881,5,0.10891542288557214,0,1,-1014.0,-753.0,333.0,-1013.0,-752.0,338.0,-1013.0,-729.0,338.0,-1013.0,-780.0,338.0
230906d09,/projects/insightx-lab/Liver_Data/230906d09,ICC,512x512x65,0.703125,0.703125,5.0,LPS,35247,87127.89916992188,570840,1411072.998046875,2,0.3774789343773938,0,1,-1017.6239263916016,-357.66835021972656,240.56401016235355,-1015.8211669921875,-279.18809509277344,255.22384246826175,-1016.0,-343.0,244.0,-1015.8705084228516,-404.5361785888672,243.4835156250001
230906d10,/projects/insightx-lab/Liver_Data/230906d10,ICC,512x512x57,0.65625,0.65625,5.0,LPS,66354,142881.416015625,623546,1342694.267578125,4,0.024700846972300086,0,3,-1012.0,-869.0,301.0,-1014.0,-883.0,342.0,-1014.0,-878.0,317.0,-1014.0,-881.0,318.0
230906d11,/projects/insightx-lab/Liver_Data/230906d11,ICC,512x512x54,0.7820000052452087,0.7820000052452087,5.0,LPS,49289,150707.03457164764,347931,1063840.8011026382,4,0.0012578871553490638,0,1,-2048.4326171875,-996.7183837890625,263.1772232055664,-2048.485107421875,-997.0255737304688,270.1040725708008,-2048.0,-997.0,268.0,-2048.472900390625,-996.8942260742188,267.51210021972656
230906d12,/projects/insightx-lab/Liver_Data/230906d12,ICC,512x512x43,0.55859375,0.55859375,5.0,LPS,31147,48593.5213470459,741400,1156684.0057373047,3,0.0,0,2,-1011.0,-849.0,474.0,-1013.0,-827.0,481.0,-1014.0,-803.0,491.0,-1014.0,-807.0,495.0
230906d13,/projects/insightx-lab/Liver_Data/230906d13,ICC,512x512x68,0.75,0.75,5.0,LPS,1050,2953.125,488029,1372581.5625,1,0.540952380952381,0,1,-1024.0,-918.0934448242188,341.59189086914057,-1024.0,-916.379150390625,354.75393859863266,-1024.0,-917.0,353.0,-1024.0,-916.2530212402344,355.69647369384745
230906d14,/projects/insightx-lab/Liver_Data/230906d14,ICC,512x512x102,0.76953125,0.76953125,5.0,LPS,143661,425364.6659088135,613729,1817185.1166534424,4,0.005220623551276965,0,1,-1024.0,-946.7224731445312,288.9043853759756,-1024.0,0.0,211.25184265136636,-1024.0,-949.0,326.0,-1024.0,0.0,198.0029473876948
230906d15,/projects/insightx-lab/Liver_Data/230906d15,ICC,512x512x113,0.73828125,0.73828125,5.0,LPS,52251,142399.4423675537,636242,1733947.7906799316,1,0.13303094677613825,0,1,-1015.7391101074219,-783.5028076171875,371.03830932617166,-1014.3013305664062,0.0,216.3201953124999,-1023.0,-898.0,418.0,-1017.5394287109375,0.0,225.96316452026292
231025c01,/projects/insightx-lab/Liver_Data/231025c01,HH,512x512x75,0.748046875,0.748046875,5.0,LPS,57546,161006.26361846924,392206,1097341.6506576538,2,0.03746567963020887,0,1,-1024.0,-949.7304992675781,347.5591903686551,-1024.0,-941.1447448730469,354.506564636231,-1024.0,-949.0,360.0,-1024.0,-949.2358703613281,364.22431091308704
231025c02,/projects/insightx-lab/Liver_Data/231025c02,HH,512x512x79,0.68359375,0.68359375,5.0,LPS,872161,2037805.986404419,1032427,2412267.827987671,7,0.34550386912508124,0,1,-1019.2647705078125,-923.5260009765625,340.33011627197266,-1019.4984283447266,-923.0616455078125,353.8271179199219,-1019.0,-924.0,361.0,-1019.0965270996094,-923.9342651367188,358.5766906738281
231025c03,/projects/insightx-lab/Liver_Data/231025c03,HH,512x512x95,0.7265625,0.7265625,5.0,LPS,26420,69734.67407226562,466361,1230943.6917114258,4,0.5047312641937926,0,1,-1021.4684448242188,-920.3839721679688,391.2329580688481,-1014.9321417236329,-3.329155921936035,253.4404341125495,-1021.0,-920.0,402.0,-1015.2234014892579,-28.665377616882324,251.41046035766647
231025c04,/projects/insightx-lab/Liver_Data/231025c04,HH,512x512x58,0.7421875,0.7421875,5.0,LPS,352261,970201.2710571289,594971,1638675.926208496,5,0.5008842875027324,0,1,-1023.1482843017578,-929.2341003417969,257.7215466308596,-1023.9617309570312,-930.3961486816406,283.27252197265625,-1024.0,-932.0,267.0,-1023.9963989257812,-928.8955688476562,263.4659686279298
231025c05,/projects/insightx-lab/Liver_Data/231025c05,HH,512x512x56,0.63671875,0.63671875,5.0,LPS,139142,282048.32443237305,769396,1559607.110900879,2,0.09077776659815152,0,1,-1013.105308227539,-909.5812377929688,326.32805206298696,-1012.891441040039,-908.2548217773438,334.2367300415029,-1013.0,-909.0,340.0,-1013.5081176757812,-908.6109008789062,339.46951690673706
231025c06,/projects/insightx-lab/Liver_Data/231025c06,HH,512x512x53,0.68359375,0.68359375,5.0,LPS,112144,262024.68872070312,509403,1190221.1666107178,3,0.05316378941361107,0,1,-1010.7481079101562,-949.2796630859375,342.45315765380855,-1011.229107055664,-949.2089233398438,351.639913330077,-1012.0,-949.0,348.0,-1011.1469537353515,-949.096923828125,350.5461459350583
231025c07,/projects/insightx-lab/Liver_Data/231025c07,HH,512x512x56,0.720703125,0.720703125,5.0,LPS,110116,285978.40644836426,576819,1498036.4200401306,4,0.37163536634094957,0,1,-1020.865234375,-898.2722473144531,347.4149304199216,-1020.9223858642578,-884.1997985839844,349.49812591552717,-1019.0,-893.0,357.0,-1020.8166119384765,-892.0988464355469,354.60120422363036
231025c08,/projects/insightx-lab/Liver_Data/231025c08,HH,512x512x102,0.736328125,0.736328125,5.0,LPS,88728,240532.33932495117,569351,1543451.0856437683,8,0.14917500676223966,0,1,-1023.1692584228516,-922.235107421875,342.5508328247066,-1015.7544793701172,0.0,296.4985372924792,-1019.0,-924.0,352.0,-1015.8171997070312,0.0,240.98865493774298
231025c09,/projects/insightx-lab/Liver_Data/231025c09,HH,512x512x58,0.6365195512771606,0.6365195512771606,5.0,LPS,236292,478676.9509820938,811851,1644636.1338164806,2,0.0340003047077345,0,1,-1022.3145141601562,-472.9345245361328,527.6946142578131,-1020.4475384521485,-497.4436492919922,436.013746337891,-1020.0,-516.0,432.0,-1030.3468615722657,-451.9024200439453,705.2233978271503
231025c10,/projects/insightx-lab/Liver_Data/231025c10,HH,512x512x75,0.71875,0.71875,5.0,LPS,1517239,3919040.1904296875,1859738,4803717.783203125,9,0.24773420667409682,0,1,-1017.4364624023438,-905.8334045410156,262.00403961181826,-1017.7766723632812,-885.9450073242188,346.98364593505914,-1017.0,-906.0,278.0,-1017.848511352539,-899.5432434082031,290.23466461181886
231025c11,/projects/insightx-lab/Liver_Data/231025c11,HH,512x512x70,0.6835939884185791,0.6835939884185791,5.0,LPS,883812,2065030.0471029282,738823,1726262.7057459354,14,0.7164012256000145,0,1,-3024.919189453125,-907.873291015625,319.28197235107496,-3024.9265649414065,-911.3542175292969,357.3108581542974,-3024.0,-912.0,343.0,-3024.990478515625,-910.6526489257812,339.80995391846295
231025c12,/projects/insightx-lab/Liver_Data/231025c12,HH,512x512x66,0.70703125,0.70703125,5.0,LPS,61008,152487.41821289062,463684,1158962.366027832,3,0.06766325727773406,0,1,-1015.3767700195312,-924.0587158203125,300.80819335937485,-1015.8110961914062,-924.1796264648438,390.10494506835676,-1016.0,-925.0,325.0,-1016.2279034423829,-924.9652099609375,343.62221618652075
231025c13,/projects/insightx-lab/Liver_Data/231025c13,HH,512x512x104,0.7480469942092896,0.7480469942092896,5.0,LPS,1628561,4556504.553929329,1169911,3273260.7493314743,23,0.5004860118841112,0,1,-3024.835693359375,-910.1843872070312,353.6893615722656,-3024.0400390625,-27.6059627532959,274.19962310791016,-3024.0,-913.0,362.0,-3024.043701171875,-24.623458862304688,250.3703498840332
231025c14,/projects/insightx-lab/Liver_Data/231025c14,HH,512x512x95,0.7734375,0.7734375,5.0,LPS,43576,130337.02880859375,453655,1356894.7311401367,7,0.7932807049752157,0,1,-1024.0,-916.6802978515625,338.84598999023547,-1024.0,0.0,234.62947540283244,-1024.0,-918.0,340.0,-1024.0,0.0,218.25657791137735
231025c15,/projects/insightx-lab/Liver_Data/231025c15,HH,512x512x60,0.6835939884185791,0.6835939884185791,5.0,LPS,106744,249407.7556629181,601172,1404640.6288633347,2,0.056640185865247696,0,1,-3024.35498046875,-833.5343627929688,307.19577239990076,-3024.90576171875,-820.7520141601562,320.0396984863273,-3024.0,-827.0,324.0,-3024.97412109375,-813.0404968261719,324.2524081420893
231025c16,/projects/insightx-lab/Liver_Data/231025c16,HH,512x512x81,0.7820000052452087,0.7820000052452087,5.0,LPS,1691766,5172777.639009476,2032712,6215260.964073181,7,0.09369262652163479,0,1,-2048.566740722656,-980.0353393554688,293.7189373779304,-2048.548828125,-979.3728332519531,320.7657696533204,-2048.0,-982.0,300.0,-2048.56005859375,-979.5997924804688,298.91698974609426
231025c17,/projects/insightx-lab/Liver_Data/231025c17,HH,512x512x69,0.859375,0.859375,5.0,LPS,126317,466441.5588378906,447123,1651058.4411621094,23,0.669569416626424,0,1,-3025.1708984375,-910.0332336425781,252.0417167663569,-3024.95556640625,-917.4512634277344,253.76332092284974,-3024.0,-929.0,251.0,-3024.96240234375,-917.4102478027344,252.77501144409155
231025c18,/projects/insightx-lab/Liver_Data/231025c18,HH,512x512x60,0.6835939884185791,0.6835939884185791,5.0,LPS,80940,189116.61304950714,531967,1242942.8872511387,3,0.03916481344205584,0,1,-3024.57373046875,-956.341064453125,324.30032379150316,-3024.972316894531,-961.3169860839844,344.43508789062435,-3024.0,-964.0,349.0,-3024.912502441406,-959.3524169921875,343.5138497924804
231025c19,/projects/insightx-lab/Liver_Data/231025c19,HH,512x512x74,0.7820000052452087,0.7820000052452087,5.0,LPS,66163,202301.3152704239,332908,1017906.175113678,2,0.24172120369390748,0,1,-2048.461669921875,-993.318115234375,344.1228057861324,-2048.47607421875,-993.5714721679688,353.3605422973627,-2048.0,-994.0,329.0,-2048.46826171875,-993.6507568359375,348.2275680541976
231025c20,/projects/insightx-lab/Liver_Data/231025c20,HH,512x512x49,0.68359375,0.68359375,5.0,LPS,186081,434778.64265441895,647544,1512987.8997802734,2,0.05435267437298811,0,1,-1011.2195434570312,-937.451416015625,355.48570251464776,-1011.8250732421875,-936.5953369140625,366.9755386352539,-1012.0,-937.0,361.0,-1011.8197021484375,-936.9251708984375,362.65946350097624
231025c21,/projects/insightx-lab/Liver_Data/231025c21,HH,512x512x60,0.8164060115814209,0.8164060115814209,5.0,LPS,160161,533751.536290884,444576,1481591.1676254272,1,0.1777149243573654,0,1,-3024.06787109375,-94.37428665161133,184.77086578369062,-3024.938720703125,-916.2958679199219,250.02612548828074,-3024.0,-922.0,215.0,-3024.969875488281,-914.8551940917969,221.825550231933
231025c22,/projects/insightx-lab/Liver_Data/231025c22,HH,512x512x57,0.705078125,0.705078125,5.0,LPS,97077,241301.95077896118,505911,1257530.7356071472,4,0.16187150406378442,0,1,-1013.3048663330078,-919.6226806640625,205.22015975952138,-1013.8586993408203,-919.101318359375,258.7714736938476,-1015.0,-920.0,219.0,-1013.7813635253906,-919.1134643554688,232.77541671752908
231025c23,/projects/insightx-lab/Liver_Data/231025c23,HH,512x512x56,0.80859375,0.80859375,5.0,LPS,28793,94127.75093078613,532412,1740518.3248901367,3,0.9898933768624318,0,1,-1024.0,-898.8078918457031,304.9068923950154,-1024.0,-886.3708190917969,345.89625671386614,-1024.0,-890.0,350.0,-1024.0,-888.5565185546875,351.7732778930659
231025c24,/projects/insightx-lab/Liver_Data/231025c24,HH,512x512x60,0.68359375,0.68359375,5.0,LPS,537474,1255809.1163635254,1021148,2385914.421081543,3,0.05201553935632235,0,1,-1011.0908575439453,-924.0126953125,268.43987670898423,-1011.8111572265625,-920.4331970214844,316.53084960937485,-1012.0,-921.0,277.0,-1011.4965209960938,-921.0162658691406,274.1718884277343
231025c25,/projects/insightx-lab/Liver_Data/231025c25,HH,512x512x60,0.68359375,0.68359375,5.0,LPS,23325,54498.910903930664,400237,935154.5810699463,7,0.06212218649517685,0,1,-1010.9667358398438,-947.7385864257812,325.51584838867166,-1011.2373046875,-947.5221557617188,332.0321151733392,-1012.0,-948.0,333.0,-1011.1824102783203,-947.2503967285156,332.6061138916002
231025c26,/projects/insightx-lab/Liver_Data/231025c26,HH,512x512x65,0.673828125,0.673828125,5.0,LPS,170407,386861.67097091675,524044,1189696.06590271,2,0.4554683786464171,0,1,-1013.5313110351562,-912.9914245605469,297.4041455078127,-1013.27294921875,-912.5744934082031,382.4594976806641,-1014.0,-914.0,294.0,-1013.2802124023438,-912.680419921875,306.4203256225586
231025c27,/projects/insightx-lab/Liver_Data/231025c27,HH,512x512x102,0.80078125,0.80078125,5.0,LPS,183580,588603.9352416992,421340,1350922.6608276367,4,0.6395141082906635,0,1,-1024.0,-937.6137390136719,335.53050811767537,-1024.0,0.0,211.37182083129875,-1024.0,-953.0,331.0,-1024.0,-952.2859497070312,414.8708843994116
231025c28,/projects/insightx-lab/Liver_Data/231025c28,HH,512x512x86,0.720703125,0.720703125,5.0,LPS,97277,252634.68927383423,613792,1594057.7032470703,1,0.016252557130668092,0,1,-1018.4684448242188,-875.412353515625,338.0938986206048,-1014.7706298828125,0.0,208.5928662109368,-1019.0,-876.0,388.0,-1013.3870239257812,0.0,192.59521865844653
231025c29,/projects/insightx-lab/Liver_Data/231025c29,HH,512x512x55,0.6640625,0.6640625,5.0,LPS,533889,1177169.1970825195,925912,2041538.7573242188,7,0.35680825040411024,0,1,-1015.1940307617188,-912.8594970703125,307.92936676025437,-1015.0283697509766,-910.2005615234375,354.171113891602,-1015.0,-918.0,308.0,-1015.0371704101562,-910.6494750976562,321.64862060546875
231025c30,/projects/insightx-lab/Liver_Data/231025c30,HH,512x512x60,0.6835939884185791,0.6835939884185791,5.0,LPS,40153,93817.63483786583,420217,981838.593845129,4,0.4790924712972879,0,1,-3024.930908203125,-917.7871704101562,383.6206082153308,-3024.935302734375,-916.3016357421875,397.9956140136692,-3024.0,-918.0,401.0,-3024.94287109375,-915.6299438476562,408.50973144531054
231025c31,/projects/insightx-lab/Liver_Data/231025c31,HH,512x512x90,0.6835939884185791,0.6835939884185791,5.0,LPS,432544,1010640.6754989624,925261,2161875.7907931805,33,0.1459897721387882,0,1,-3024.168701171875,-960.3663635253906,349.27035491943377,-3024.029296875,0.0,261.5801132202149,-3024.0,-976.0,360.0,-3024.038330078125,0.0,252.6362326049806
231025c32,/projects/insightx-lab/Liver_Data/231025c32,HH,512x512x64,0.7820000052452087,0.7820000052452087,5.0,LPS,296916,907856.31432724,581204,1777101.0026817322,9,0.5227269665494618,0,1,-2048.53173828125,-991.806884765625,316.79317779541014,-2048.53662109375,-991.7356567382812,340.24931945800756,-2048.0,-992.0,321.0,-2048.534912109375,-991.427001953125,321.62075500488265
231025c33,/projects/insightx-lab/Liver_Data/231025c33,HH,512x512x63,0.697265625,0.697265625,5.0,LPS,148361,360650.27406692505,532086,1293446.132926941,3,0.2839021036525772,0,1,-1013.287841796875,-923.8941040039062,368.7880676269515,-1013.8477172851562,-924.1488647460938,383.7234875488266,-1014.0,-924.0,387.0,-1013.908159790039,-923.6360473632812,390.946607360838
231025c34,/projects/insightx-lab/Liver_Data/231025c34,HH,512x512x88,0.6875,0.6875,5.0,LPS,81105,191673.92578125,497414,1175529.1796875,3,0.22865421367363295,0,1,-1009.8229370117188,-950.5791015625,274.853773498535,-1008.12255859375,-49.882266998291016,232.03392761230452,-1012.0,-950.0,276.0,-1008.320068359375,-44.93027687072754,204.00894851684563
231025c35,/projects/insightx-lab/Liver_Data/231025c35,HH,512x512x97,0.693359375,0.693359375,5.0,LPS,167471,402556.0908317566,635094,1526598.3839035034,2,0.1907792991025312,0,1,-1013.5029296875,-919.3219604492188,346.9493789672838,-1011.899169921875,0.0,233.4474682617183,-1014.0,-921.0,356.0,-1012.3131304931641,0.0,210.67238250732362
231109b01,/projects/insightx-lab/Liver_Data/231109b01,HCC,512x512x105,0.796875,0.796875,5.0,LPS,5931,18831.214599609375,395950,1257160.5834960938,1,,0,2,-1024.0,-676.484619140625,364.6433047485351,-1024.0,-52.02077674865723,230.83932647705058,-1024.0,-708.0,362.0,-1024.0,-61.73594665527344,228.9825309753415
231109b02,/projects/insightx-lab/Liver_Data/231109b02,HCC,512x512x54,0.66015625,0.66015625,5.0,LPS,22192,48357.064208984375,510633,1112685.3266143799,1,0.0058579668348954575,0,1,-1013.97119140625,-921.7911376953125,288.2198715209961,-1014.9126586914062,-920.0208435058594,301.75118255615234,-1014.0,-921.0,302.0,-1014.8463134765625,-917.330810546875,304.1184768676758
231109b03,/projects/insightx-lab/Liver_Data/231109b03,HCC,512x512x101,0.73046875,0.73046875,5.0,LPS,25069,66882.16102600098,524042,1398103.6909484863,2,0.009972475966332921,0,1,-1023.3027954101562,-921.6081848144531,314.24599731445323,-1017.2663922119141,0.0,234.78036483764652,-1024.0,-922.0,320.0,-1017.439697265625,0.0,208.76261611938492
231109b04,/projects/insightx-lab/Liver_Data/231109b04,HCC,512x512x64,0.703125,0.703125,5.0,LPS,47716,117950.3173828125,487437,1204907.1350097656,1,0.03680107301534077,0,1,-1018.5460815429688,-884.3447265625,436.929959106444,-1017.1497192382812,-870.9913330078125,391.85198364257803,-1017.0,-868.0,395.0,-1017.5884307861328,-876.2765197753906,396.0495117187497
231109b05,/projects/insightx-lab/Liver_Data/231109b05,HCC,512x512x103,0.7890625,0.7890625,5.0,LPS,16358,50924.05944824219,390405,1215369.0811157227,1,0.04169213840322778,0,1,-1024.0,-938.9617614746094,307.8757672119143,-1024.0,0.0,211.54661193847664,-1024.0,-947.0,310.0,-1024.0,0.0,182.20945800781283
231109b06,/projects/insightx-lab/Liver_Data/231109b06,HCC,512x512x67,0.7820000052452087,0.7820000052452087,5.0,LPS,80538,246254.60346794128,523777,1601511.0561552048,3,0.02121979686607564,0,1,-2048.59326171875,-992.7019958496094,336.18574340820487,-2048.60791015625,-992.4962158203125,351.36276794433616,-2048.0,-993.0,339.0,-2048.595458984375,-992.4063720703125,340.3889215087893
231109b07,/projects/insightx-lab/Liver_Data/231109b07,HCC,512x512x56,0.724609375,0.724609375,5.0,LPS,3445,9044.136905670166,585656,1537519.0257263184,2,0.0,0,0,-1020.0755456542969,-250.36713409423828,306.6944396972651,-1019.7095336914062,-252.320068359375,345.90063659667874,-1020.0,-271.0,319.0,-1019.7175903320312,-180.96601104736328,320.25081237792904
231109b08,/projects/insightx-lab/Liver_Data/231109b08,HCC,512x512x58,0.791015625,0.791015625,5.0,LPS,135460,423790.48347473145,479423,1499888.5645866394,2,0.01184851616713421,0,1,-1024.0,-934.0921630859375,242.5352416992189,-1024.0,-933.8344116210938,258.5688775634766,-1024.0,-934.0,247.0,-1024.0,-933.6580810546875,246.06643524169925
231109b09,/projects/insightx-lab/Liver_Data/231109b09,HCC,512x512x66,0.8046875,0.8046875,5.0,LPS,68035,220270.78704833984,603803,1954878.5482788086,1,0.04466818549276108,0,1,-1024.0,-117.31572341918945,258.78588623046744,-1024.0,-117.21317672729492,281.53271697997934,-1024.0,-117.0,270.0,-1024.0,-116.2685661315918,268.6704418945301
231109b10,/projects/insightx-lab/Liver_Data/231109b10,HCC,512x512x54,0.69140625,0.69140625,5.0,LPS,5422,12959.734954833984,433014,1034995.697479248,1,0.0,0,0,-1015.8434448242188,-851.9714965820312,250.26404571533203,-1015.6688995361328,-841.8101806640625,275.06260681152344,-1016.0,-852.0,261.0,-1015.94580078125,-846.7967224121094,259.1123275756836
231109b11,/projects/insightx-lab/Liver_Data/231109b11,HCC,512x512x59,0.646484375,0.646484375,5.0,LPS,18855,39401.48649215698,644679,1347192.3049736023,2,0.04237602757889154,0,1,-1014.4648468017579,-121.41162109375,389.018162536623,-1014.8118316650391,-650.6528625488281,431.46512298584264,-1015.0,-634.0,432.0,-1015.0274047851562,-528.4144592285156,427.51066741943475
231109b12,/projects/insightx-lab/Liver_Data/231109b12,HCC,512x512x78,0.7109375,0.7109375,5.0,LPS,8206,20737.880249023438,701622,1773111.5057373047,2,0.0,0,0,-1016.4728204345703,-663.8838500976562,284.97349884033895,-1016.6314697265625,-717.67626953125,356.29992401123206,-1017.0,-761.0,292.0,-1016.7646484375,-691.240234375,293.09635498047055
231109b13,/projects/insightx-lab/Liver_Data/231109b13,HCC,512x512x58,0.779296875,0.779296875,5.0,LPS,17293,52510.50745010376,406721,1235015.6768989563,2,0.007748800092522986,0,1,-1024.0,-939.0170288085938,276.0931509399415,-1024.0,-938.6199951171875,300.4814123535157,-1024.0,-939.0,283.0,-1024.0,-938.6576232910156,279.2544332885744
231109b14,/projects/insightx-lab/Liver_Data/231109b14,HCC,512x512x55,0.7578125,0.7578125,5.0,LPS,4151,11919.176940917969,370841,1064832.4490356445,1,0.011563478679836184,0,1,-1024.0,-925.2605895996094,265.4790521240237,-1024.0,-924.7133483886719,289.2042834472659,-1024.0,-925.0,272.0,-1024.0,-924.3110961914062,272.5634060668953
231109b15,/projects/insightx-lab/Liver_Data/231109b15,HCC,512x512x71,0.6796875,0.6796875,5.0,LPS,27851,64332.342224121094,506615,1170217.5704956055,4,0.2807798642777638,0,1,-1016.0277099609375,-920.9573364257812,286.4469299316406,-1016.047349243164,-919.1589965820312,301.47947814941404,-1016.0,-920.0,292.0,-1015.9837506103515,-920.2028198242188,293.9921551513669
231109b16,/projects/insightx-lab/Liver_Data/231109b16,HCC,512x512x52,0.66015625,0.66015625,5.0,LPS,30911,67356.03874206543,561201,1222874.5850372314,1,0.03668596939600789,0,1,-1011.935791015625,-170.83482360839844,231.90189071655135,-1012.7999346923829,-153.5131607055664,272.1112893676751,-1013.0,-156.0,245.0,-1012.8123779296875,-147.61441802978516,243.64967071533022
231109b17,/projects/insightx-lab/Liver_Data/231109b17,HCC,512x512x49,0.650390625,0.650390625,5.0,LPS,3040,6429.7210693359375,414206,876062.1859359741,1,0.0,0,0,-1014.5105255126953,-924.4560546875,250.6917373657226,-1014.7719055175781,-923.7667541503906,256.6685165405271,-1015.0,-924.0,259.0,-1015.1919555664062,-924.212890625,258.7970031738273
231109b18,/projects/insightx-lab/Liver_Data/231109b18,HCC,512x512x64,0.66015625,0.66015625,5.0,LPS,263487,574146.4391326904,776675,1692399.19090271,1,0.006004091283440929,0,1,-1013.0375885009765,-794.7782592773438,361.0446441650387,-1013.9320068359375,-768.3267822265625,378.21361541748007,-1014.0,-786.0,376.0,-1013.7567749023438,-781.3362426757812,372.89438934326137
231109b19,/projects/insightx-lab/Liver_Data/231109b19,HCC,512x512x60,0.705078125,0.705078125,5.0,LPS,1815,4511.501598358154,451245,1121648.7816810608,1,0.01652892561983471,0,1,-1018.9375,-254.65972900390625,266.93182159423804,-1018.7252807617188,-194.6088409423828,279.58667663574215,-1019.0,-242.0,277.0,-1018.4971685791015,-141.70165252685547,275.64208099365214
231206d01,/projects/insightx-lab/Liver_Data/231206d01,ICC,512x512x68,0.689453125,0.689453125,5.0,LPS,47167,112103.13230514526,549160,1305203.980255127,4,0.00029681769033434394,0,1,-1014.0,-737.0,316.0,-1015.0,-682.0,324.0,-1014.0,-722.0,323.0,-1014.0,-703.0,324.0
231206d02,/projects/insightx-lab/Liver_Data/231206d02,ICC,512x512x64,0.7421875,0.7421875,5.0,LPS,75870,208962.02087402344,613157,1688764.015197754,3,0.002833794648741268,0,1,-1024.0,-914.3182983398438,227.63130569457948,-1023.999267578125,-923.5494995117188,237.95403900146476,-1024.0,-923.0,237.0,-1023.757437133789,-920.51220703125,232.94380035400383
231206d03,/projects/insightx-lab/Liver_Data/231206d03,ICC,512x512x102,0.763671875,0.763671875,5.0,LPS,25331,73864.52886581421,458452,1336833.957901001,2,0.0026449804587264617,0,1,-1024.0,-959.1117553710938,363.7029324340816,-1024.0,-76.87153625488281,238.0765557861323,-1024.0,-959.0,364.0,-1024.0,-86.77695083618164,233.160623168945
231206d04,/projects/insightx-lab/Liver_Data/231206d04,ICC,512x512x60,0.71875,0.71875,5.0,LPS,20132,52001.11328125,358283,925447.7880859375,1,0.0022849195310947743,0,1,-1019.0,-850.0,251.0,-1019.0,-824.0,259.0,-1019.0,-821.0,255.0,-1019.0,-822.0,256.0
231206d05,/projects/insightx-lab/Liver_Data/231206d05,ICC,512x512x93,0.703125,0.703125,5.0,LPS,47263,116830.53588867188,421760,1042558.59375,4,0.012652603516492817,0,1,-1018.23779296875,-941.7520751953125,333.7817770385742,-1019.9692492675781,-74.91971588134766,245.2098400878906,-1017.0,-942.0,338.0,-1019.8827124023437,-56.48242950439453,237.23270614624022
231206d06,/projects/insightx-lab/Liver_Data/231206d06,ICC,512x512x56,0.69140625,0.69140625,5.0,LPS,36424,87061.11877441406,441308,1054820.124206543,2,0.0023610806061937183,0,1,-1012.0,-922.0,243.0,-1013.0,-922.0,307.0,-1013.0,-922.0,253.0,-1013.0,-922.0,252.0
231206d07,/projects/insightx-lab/Liver_Data/231206d07,ICC,512x512x108,0.92578125,0.92578125,5.0,LPS,911,3903.958053588867,419565,1797984.808731079,2,0.0,0,0,-1024.0052490234375,-947.7465209960938,286.5220617675777,-1024.0,0.0,186.0834117126464,-1024.0,-954.0,284.0,-1024.0015869140625,-953.2200317382812,308.77413818359355
231206d08,/projects/insightx-lab/Liver_Data/231206d08,ICC,512x512x94,0.708984375,0.708984375,5.0,LPS,103220,259422.22938537598,668827,1680959.0332603455,6,0.007062584770393334,0,1,-1015.8089385986328,-709.9591674804688,312.94155578613163,-1012.8191528320312,0.0,216.25363006591783,-1016.0,-702.0,321.0,-1012.7589508056641,0.0,205.02363586425508
231206d09,/projects/insightx-lab/Liver_Data/231206d09,ICC,512x512x112,0.900390625,0.900390625,5.0,LPS,3780,15322.291946411133,401495,1627466.5621757507,2,0.0,0,0,-1024.0003662109375,-922.5134887695312,258.91608245849613,-1024.0,0.0,169.193384552002,-1024.0,-926.0,262.0,-1024.0,0.0,156.89680740356465
231206d10,/projects/insightx-lab/Liver_Data/231206d10,ICC,512x512x58,0.7820000052452087,0.7820000052452087,5.0,LPS,6701,20489.111945152283,373962,1143433.7085857391,2,0.015072377257125803,0,1,-2048.0,-968.0,298.0,-2048.0,-974.0,336.0,-2048.0,-969.0,301.0,-2048.0,-972.0,301.0
231206d12,/projects/insightx-lab/Liver_Data/231206d12,ICC,512x512x108,0.802734375,0.802734375,5.0,LPS,25272,81424.16976928711,511158,1646906.290397644,2,0.0351772712883824,0,1,-1024.0,-942.27685546875,405.21085418701057,-1024.0,0.0,279.36017547607287,-1024.0,-942.0,404.0,-1024.0,0.0,259.1799160766601
231206d13,/projects/insightx-lab/Liver_Data/231206d13,ICC,512x512x48,0.5859375,0.5859375,5.0,LPS,25156,43183.135986328125,569987,978447.5326538086,2,0.0020671012879631104,0,1,-1016.0,-855.0,299.0,-1016.0,-841.0,377.0,-1016.0,-845.0,316.0,-1015.0,-849.0,317.0
231206d14,/projects/insightx-lab/Liver_Data/231206d14,ICC,512x512x108,0.806640625,0.806640625,5.0,LPS,12520,40731.88552856445,366813,1193369.41904068,1,0.11142172523961662,0,1,-1024.0,-932.6696166992188,306.65431182861323,-1024.0,0.0,209.78295837402334,-1024.0,-932.0,308.0,-1024.0,0.0,194.96918045043873
231206d15,/projects/insightx-lab/Liver_Data/231206d15,ICC,512x512x65,0.767578125,0.767578125,5.0,LPS,1969,5800.439472198486,538770,1587152.2470474243,1,0.0,0,0,-1024.0,-857.0,372.0,-1024.0,-853.0,377.0,-1024.0,-849.0,378.0,-1024.0,-854.0,378.0
231206d16,/projects/insightx-lab/Liver_Data/231206d16,ICC,512x512x94,0.703125,0.703125,5.0,LPS,11103,27445.770263671875,471589,1165732.0861816406,2,0.002431775195893002,0,1,-1016.4265747070312,-874.0918273925781,255.98032073974605,-1013.4559326171875,-35.096601486206055,219.40529861450193,-1016.0,-876.0,260.0,-1013.6435546875,-30.099421501159668,195.0897621154785
231206d18,/projects/insightx-lab/Liver_Data/231206d18,ICC,512x512x64,0.724609375,0.724609375,5.0,LPS,18812,49387.02568054199,524091,1375892.8171348572,1,0.035881352328301086,3,1,-1017.0,-916.0,314.0,-1017.0,-919.0,366.0,-1018.0,-919.0,317.0,-1017.0,-910.0,360.0
231206d19,/projects/insightx-lab/Liver_Data/231206d19,ICC,512x512x60,0.634765625,0.634765625,5.0,LPS,9401,18939.602375030518,381605,768795.5498695374,2,0.9944686735453675,0,1,-1012.0,-921.0,235.0,-1013.0,-922.0,267.0,-1013.0,-922.0,244.0,-1012.0,-921.0,245.0
231206d20,/projects/insightx-lab/Liver_Data/231206d20,ICC,512x512x90,0.65625,0.65625,5.0,LPS,174434,375612.275390625,708580,1525799.70703125,2,0.0020580850063634383,0,1,-1012.6138555908203,-913.6098937988281,435.7102355957031,-1008.1349487304688,0.0,273.06279632568373,-1011.0,-914.0,424.0,-1011.602294921875,-913.0068359375,538.7637109375
240112d11,/projects/insightx-lab/Liver_Data/240112d11,ICC,512x512x97,0.8203125,0.8203125,5.0,LPS,34566,116299.48425292969,534719,1799095.7565307617,1,0.05965399525545333,0,1,-1024.0,-916.7742614746094,268.72022430419884,-1024.0,0.0,184.6158242797851,-1024.0,-917.0,270.0,-1024.0,0.0,145.90518508911032
240112d17,/projects/insightx-lab/Liver_Data/240112d17,ICC,512x512x107,0.734375,0.734375,5.0,LPS,41691,112421.16577148438,626828,1690262.5146484375,25,0.07733083879014656,0,1,-1023.2101440429688,-911.6611328125,497.5444747924796,-1017.2423052978515,0.0,284.9973516845698,-1024.0,-915.0,446.0,-1016.591552734375,0.0,289.14031402587875
240112d21,/projects/insightx-lab/Liver_Data/240112d21,ICC,512x512x107,0.8359375,0.8359375,5.0,LPS,18296,63925.44677734375,399289,1395098.8040161133,1,0.1015522518583297,0,1,-1024.0,-945.5921020507812,201.46547592163063,-1024.0,-75.61547088623047,197.1682344055174,-1024.0,-949.0,210.0,-1024.0,-74.32758331298828,155.9150169372557
240112d23,/projects/insightx-lab/Liver_Data/240112d23,ICC,512x512x61,0.705078125,0.705078125,5.0,LPS,1776,4414.560241699219,414256,1029706.1190795898,3,0.0,0,2,-1012.0,-188.0,319.0,-1012.0,-183.0,345.0,-1013.0,-151.0,337.0,-1013.0,-145.0,334.0
240112d24,/projects/insightx-lab/Liver_Data/240112d24,ICC,512x512x86,0.75390625,0.75390625,5.0,LPS,32369,91988.59260559082,450146,1279257.8395080566,10,0.15048348728721925,0,1,-1024.0,-957.1065063476562,296.23076202392383,-1024.0,-0.37781885266304016,222.15250564574802,-1024.0,-957.0,303.0,-1024.0,-0.23965110629796982,175.0362979125963
240112d25,/projects/insightx-lab/Liver_Data/240112d25,ICC,512x512x106,0.71484375,0.71484375,5.0,LPS,7484,19121.67938232422,751936,1921202.4462890625,7,0.032202030999465524,0,1,-1023.915610961914,-759.4995727539062,324.4097442626969,-1022.2992395019531,-3.2911319891582025e-08,250.95055068969754,-1024.0,-762.0,371.0,-1022.9773400878906,-4.026654210065317e-07,217.99402969360398
240112d26,/projects/insightx-lab/Liver_Data/240112d26,ICC,512x512x58,0.765999972820282,0.765999972820282,5.0,LPS,70477,206763.9930791855,631147,1851646.2667245865,6,0.002781049136597755,0,1,-2048.0,-963.0,304.0,-2048.0,-962.0,327.0,-2048.0,-961.0,309.0,-2048.0,-962.0,307.0
240112d27,/projects/insightx-lab/Liver_Data/240112d27,ICC,512x512x60,0.6835939884185791,0.6835939884185791,5.0,LPS,5818,13593.77878332138,459947,1074667.8875992298,1,0.7047095221725679,1,1,-3024.0,-943.0,273.0,-3024.0,-941.0,315.0,-3024.0,-941.0,291.0,-3024.0,-941.0,287.0
240112d28,/projects/insightx-lab/Liver_Data/240112d28,ICC,512x512x98,0.6953125,0.6953125,5.0,LPS,6367,15390.932312011719,557513,1347674.7048950195,2,0.04209203706612219,0,1,-1016.5894097900391,-786.7221984863281,364.9607037353517,-1014.374755859375,0.0,258.633009338379,-1017.0,-794.0,367.0,-1014.2432250976562,0.0,220.4654138183596
240112d29,/projects/insightx-lab/Liver_Data/240112d29,ICC,512x512x56,0.654296875,0.654296875,5.0,LPS,18241,39045.2618598938,692277,1481834.1507911682,4,0.03333150594813881,0,1,-1013.0,-121.0,284.0,-1013.0,-121.0,326.0,-1013.0,-120.0,296.0,-1013.0,-119.0,291.0
240112d30,/projects/insightx-lab/Liver_Data/240112d30,ICC,512x512x61,0.5859375,0.5859375,5.0,LPS,1198,2056.5032958984375,506809,869995.3079223633,2,0.02671118530884808,0,1,-1012.0,-832.0,296.0,-1013.0,-803.0,322.0,-1013.0,-817.0,309.0,-1013.0,-814.0,311.0
240112d31,/projects/insightx-lab/Liver_Data/240112d31,ICC,512x512x61,0.7421875,0.7421875,5.0,LPS,60606,166921.73767089844,651176,1793476.3793945312,5,0.0594990594990595,0,1,-1024.0,-891.5921936035156,245.9074990844726,-1024.0,-876.4878234863281,247.36396194458004,-1024.0,-889.0,242.0,-1024.0,-888.143798828125,243.75888488769522
240112d32,/projects/insightx-lab/Liver_Data/240112d32,ICC,512x512x63,0.78515625,0.78515625,5.0,LPS,7371,22720.014266967773,538137,1658727.4884796143,1,0.026048026048026047,0,1,-1024.0,-919.0,306.0,-1024.0,-919.0,306.0,-1024.0,-919.0,314.0,-1024.0,-918.0,311.0
240112d33,/projects/insightx-lab/Liver_Data/240112d33,ICC,512x512x68,0.8671875,0.8671875,5.0,LPS,2913,10953.086242675781,423446,1592186.9403076172,16,0.014418125643666324,0,1,-1024.0,-939.0,232.0,-1024.0,-940.0,243.0,-1024.0,-938.0,237.0,-1024.0,-933.0,236.0
240112d34,/projects/insightx-lab/Liver_Data/240112d34,ICC,512x512x64,0.66015625,0.66015625,5.0,LPS,69898,152309.9348449707,607402,1323548.013458252,5,0.015393859624023577,0,1,-1013.0,-815.0,248.0,-1014.0,-791.0,281.0,-1014.0,-797.0,254.0,-1014.0,-792.0,256.0
240112d35,/projects/insightx-lab/Liver_Data/240112d35,ICC,512x512x70,0.7421875,0.7421875,5.0,LPS,5789,15944.129943847656,434800,1197531.1279296875,2,0.0,0,0,-1024.0,-923.0,241.0,-1024.0,-923.0,291.0,-1024.0,-923.0,245.0,-1024.0,-923.0,247.0
240112d36,/projects/insightx-lab/Liver_Data/240112d36,ICC,512x512x105,0.7734375,0.7734375,5.0,LPS,30450,91076.79748535156,456658,1365876.7877197266,3,0.0,0,0,-1024.0,-910.5858764648438,338.87159515380847,-1024.0,0.0,241.28412063598483,-1024.0,-916.0,332.0,-1024.0,-913.8438110351562,408.2612744140615
240112d37,/projects/insightx-lab/Liver_Data/240112d37,ICC,512x512x110,0.716796875,0.716796875,5.0,LPS,58033,149086.12703323364,544565,1398981.38589859,5,0.002377957369083108,0,1,-1018.3672247314453,-923.3027038574219,351.9828536987284,-1015.9155645751953,-1.1370122204867883e-10,214.37521850585927,-1017.0,-923.0,316.0,-1016.2557983398438,-6.389307138920941e-11,210.64268127441392
240112d38,/projects/insightx-lab/Liver_Data/240112d38,ICC,512x512x100,0.71875,0.71875,5.0,LPS,182872,472359.8046875,685049,1769486.9189453125,2,0.01671661052539481,0,1,-1023.4824224853515,-918.3421630859375,369.34866577148387,-1018.911987915039,-4.673359155654907,268.0527151489234,-1017.0,-919.0,367.0,-1017.3861694335938,-917.768798828125,460.9696075439383
240112d39,/projects/insightx-lab/Liver_Data/240112d39,ICC,512x512x91,0.7820000052452087,0.7820000052452087,5.0,LPS,4338,13263.955770492554,382024,1168084.2414169312,3,0.020977408944213922,0,1,-2048.4853515625,-994.504150390625,318.01758026122934,-2048.001220703125,0.0,240.6590937805172,-2048.0,-995.0,321.0,-2048.001220703125,0.0,238.91821914672755
240112d40,/projects/insightx-lab/Liver_Data/240112d40,ICC,512x512x66,0.96484375,0.96484375,5.0,LPS,33511,155980.88066101074,444287,2067985.9606170654,3,0.9330667542001134,1,1,-1024.0,-926.0,208.0,-1024.0,-930.0,243.0,-1024.0,-929.0,215.0,-1024.0,-930.0,214.0
240112d41,/projects/insightx-lab/Liver_Data/240112d41,ICC,512x512x54,0.6875,0.6875,5.0,LPS,88950,210213.8671875,745361,1761497.67578125,3,0.07804384485666105,0,1,-1014.0,-360.0,300.0,-1014.0,-283.0,302.0,-1014.0,-277.0,306.0,-1015.0,-268.0,309.0
240112d42,/projects/insightx-lab/Liver_Data/240112d42,ICC,512x512x102,0.83203125,0.83203125,5.0,LPS,5871,20321.762008666992,308762,1068742.613067627,5,0.7845341509112588,0,1,-1024.0,-928.1168212890625,332.95198089599205,-1024.0,-106.4840316772461,275.5476956176741,-1024.0,-951.0,329.0,-1024.0,-950.7429504394531,379.75649505614945
240112d43,/projects/insightx-lab/Liver_Data/240112d43,ICC,512x512x92,0.794921875,0.794921875,5.0,LPS,9428,29787.803115844727,349089,1102948.069782257,1,0.028425965210012727,0,1,-1024.0,-959.0,330.0,-1024.0,-961.0,358.0,-1024.0,-960.0,329.0,-1024.0,-960.0,330.0
240112d44,/projects/insightx-lab/Liver_Data/240112d44,ICC,512x512x102,0.75390625,0.75390625,5.0,LPS,234799,667268.9781951904,644906,1832741.0578918457,7,0.003398651612655931,0,1,-1498.0494702148437,-107.70594787597656,5841.220468749998,-1023.9868774414062,-69.50359725952148,242.901887207031,-1024.0,-929.0,324.0,-1023.9999389648438,-70.6699333190918,230.82722396850562
240122d22,/projects/insightx-lab/Liver_Data/240122d22,ICC,512x512x89,0.6884765625,0.6884765625,5.0,LPS,58773,139292.00327396393,523207,1240000.5301237106,3,0.05417453592636074,0,1,-1020.4047241210938,-986.3005065917969,390.7883117675783,-1013.5251373291015,0.0,261.81992340087913,-1019.0,-986.0,387.0,-1020.6911010742188,0.0,358.45022125244145
240122d45,/projects/insightx-lab/Liver_Data/240122d45,ICC,512x512x92,0.78515625,0.78515625,5.0,LPS,13774,42456.312103271484,470190,1449290.9385681152,3,0.025264992013939305,0,1,-1024.0,-921.237060546875,265.3479318237323,-1024.0,0.0,186.64002838135002,-1024.0,-921.0,268.0,-1024.0,0.0,174.82671371460083
240122d46,/projects/insightx-lab/Liver_Data/240122d46,ICC,512x512x64,0.767578125,0.767578125,5.0,LPS,2748,8095.280685424805,338807,998085.0666618347,1,0.0,0,0,-1024.0,-923.0,266.0,-1024.0,-928.0,325.0,-1024.0,-927.0,298.0,-1024.0,-926.0,296.0
240122d47,/projects/insightx-lab/Liver_Data/240122d47,ICC,512x512x54,0.72265625,0.72265625,5.0,LPS,40396,105480.43060302734,395921,1033813.1885528564,1,0.01779879195959996,0,1,-1020.2339935302734,-925.0553894042969,230.62890243530273,-1020.3190460205078,-924.8329467773438,277.3023147583008,-1020.0,-925.0,238.0,-1020.0243530273438,-925.120361328125,236.11813354492188
240122d48,/projects/insightx-lab/Liver_Data/240122d48,ICC,512x512x57,0.7820000052452087,0.7820000052452087,5.0,LPS,39764,121583.20360946655,361245,1104549.9544286728,9,0.1023790363142541,0,1,-2048.0,-997.0,304.0,-2048.0,-997.0,342.0,-2048.0,-997.0,308.0,-2048.0,-996.0,308.0
240122d49,/projects/insightx-lab/Liver_Data/240122d49,ICC,512x512x71,0.7820000052452087,0.7820000052452087,5.0,LPS,56351,172299.9473543167,513656,1570564.883644104,3,0.009529555819772497,0,1,-2048.4814453125,-991.1719360351562,324.2415466308594,-2048.506103515625,-990.8216552734375,328.0374337768552,-2048.0,-991.0,326.0,-2048.482177734375,-990.8511962890625,327.57180328369134
240122d50,/projects/insightx-lab/Liver_Data/240122d50,ICC,512x512x94,0.650390625,0.650390625,5.0,LPS,101404,214473.4984588623,669823,1416702.3209953308,11,0.0017948009940436274,0,1,-1016.096923828125,-705.2600708007812,377.56179351806327,-1013.4970703125,0.0,233.79919357299616,-1017.0,-758.0,389.0,-1013.7549224853516,0.0,225.96597595214826
240122d51,/projects/insightx-lab/Liver_Data/240122d51,ICC,512x512x58,0.7820000052452087,0.7820000052452087,5.0,LPS,9060,27702.03763961792,421962,1290199.4709148407,3,0.018984547461368653,0,1,-2048.507568359375,-920.7374267578125,273.832350769043,-2048.497314453125,-918.9933471679688,280.56198577880883,-2048.0,-924.0,276.0,-2048.52001953125,-919.29736328125,274.7107849121094
240122d52,/projects/insightx-lab/Liver_Data/240122d52,ICC,512x512x65,0.8457030057907104,0.8457030057907104,5.0,LPS,27433,98102.2713727951,415183,1484722.6090974808,2,0.01895527284657165,0,1,-3024.76171875,-904.259765625,258.60432464599614,-3024.98486328125,-945.7324829101562,267.57691162109404,-3024.0,-950.0,264.0,-3024.9814453125,-944.7046508789062,270.61247802734397
240122d53,/projects/insightx-lab/Liver_Data/240122d53,ICC,512x512x61,0.765625,0.765625,5.0,LPS,79900,234179.5654296875,521998,1529928.2202148438,2,0.0003754693366708385,1,3,-1024.0,-847.0,246.0,-1024.0,-826.0,267.0,-1024.0,-839.0,260.0,-1024.0,-819.0,255.0
240122d54,/projects/insightx-lab/Liver_Data/240122d54,ICC,512x512x62,0.6875,0.6875,5.0,LPS,91632,216552.1875,506190,1196269.3359375,2,0.5162825213899075,0,1,-1014.2112426757812,-119.96794509887695,363.76565917968946,-1014.5723876953125,-184.8759994506836,388.7976364135744,-1015.0,-198.0,392.0,-1013.8790728759766,-112.21245574951172,374.911049804688
240122d55,/projects/insightx-lab/Liver_Data/240122d55,ICC,512x512x60,0.7753909826278687,0.7753909826278687,5.0,LPS,16236,48807.944420814514,469245,1410623.54519248,1,0.035168760778516876,1,1,-3024.0,-911.0,247.0,-3024.0,-902.0,272.0,-3024.0,-896.0,274.0,-3024.0,-900.0,265.0
240122d56,/projects/insightx-lab/Liver_Data/240122d56,ICC,512x512x100,0.8242189884185791,0.8242189884185791,5.0,LPS,4514,15332.63557100296,356794,1211916.7868676186,3,0.009968985378821444,0,1,-3024.760500488281,-900.1812744140625,225.55586303710925,-3024.021240234375,-80.9233512878418,215.13756469726422,-3024.0,-903.0,240.0,-3024.02294921875,-75.09850311279297,165.39897613525295
240122d57,/projects/insightx-lab/Liver_Data/240122d57,ICC,512x512x92,0.7939453125,0.7939453125,5.0,LPS,23605,74396.95951938629,451496,1423000.6200027466,1,0.030840923533149756,0,1,-8192.0,-952.2486877441406,357.51137878418194,-8192.0,0.0,210.21025177001957,-8192.0,-982.0,365.0,-8192.0,-2.784397840499878,285.2466864013677
240122d58,/projects/insightx-lab/Liver_Data/240122d58,ICC,512x512x101,0.73828125,0.73828125,5.0,LPS,10585,28847.258377075195,465865,1269620.030593872,1,0.0,0,0,-1017.4519390869141,-927.283935546875,393.86032897949235,-1015.4922485351562,0.0,290.19886505126965,-1024.0,-948.0,448.0,-1017.9080200195312,0.0,239.75730880737308
240122d59,/projects/insightx-lab/Liver_Data/240122d59,ICC,512x512x66,0.82421875,0.82421875,5.0,LPS,86421,293544.7190093994,577558,1961781.2895202637,2,0.0066419041668113075,0,1,-1024.0,-901.0,351.0,-1024.0,-897.0,353.0,-1024.0,-895.0,355.0,-1024.0,-928.0,358.0
240122d60,/projects/insightx-lab/Liver_Data/240122d60,ICC,512x512x97,0.6796875,0.6796875,5.0,LPS,20923,48329.524841308594,580156,1340088.1237792969,1,0.001099268747311571,0,1,-1015.7406616210938,-901.4872436523438,324.3504736328123,-1016.2287188720703,-3.997599833382992e-06,244.7897335815428,-1016.0,-896.0,368.0,-1016.1845294189453,-2.9715303071498056e-06,209.55724456787038
240122d61,/projects/insightx-lab/Liver_Data/240122d61,ICC,512x512x54,0.66796875,0.66796875,5.0,LPS,93057,207601.90864562988,568481,1268230.6610870361,4,0.10276497200640468,0,1,-1017.0,-787.0,443.0,-1017.0,-775.0,460.0,-1017.0,-768.0,451.0,-1016.0,-768.0,452.0
240122d62,/projects/insightx-lab/Liver_Data/240122d62,ICC,512x512x88,0.68359375,0.68359375,5.0,LPS,5193,12133.455276489258,417953,976548.0518341064,1,0.030810706720585404,0,1,-1012.9851251220703,-934.8699951171875,363.9131311035153,-1013.583251953125,-933.222412109375,373.94882690429677,-1013.0,-935.0,368.0,-1010.4903741455078,0.0,235.96390655517575
240122d63,/projects/insightx-lab/Liver_Data/240122d63,ICC,512x512x58,0.70703125,0.70703125,5.0,LPS,146529,366244.24507141113,669868,1674312.2518920898,1,0.005268581645954043,0,1,-1015.5254516601562,-867.195556640625,261.99296325683633,-1016.6571954345703,-840.1287841796875,330.4934283447268,-1018.0,-848.0,326.0,-1017.6313775634766,-850.8115234375,330.1723809814456
240122d64,/projects/insightx-lab/Liver_Data/240122d64,ICC,512x512x54,0.73828125,0.73828125,5.0,LPS,8149,22208.437271118164,392608,1069973.0200195312,1,0.003681433304699963,0,1,-1020.6350708007812,-895.2183227539062,250.7277603149414,-1023.1910552978516,-903.0348510742188,259.48612213134766,-1024.0,-914.0,262.0,-1023.4145050048828,-905.2467346191406,258.6883773803711
240122d65,/projects/insightx-lab/Liver_Data/240122d65,ICC,512x512x48,0.724609375,0.724609375,5.0,LPS,21206,55671.97887420654,428841,1125833.5891914368,1,0.3477789304913704,3,1,-1019.0,-901.0,248.0,-1019.0,-891.0,356.0,-1017.0,-906.0,253.0,-1019.0,-890.0,276.0
240122d66,/projects/insightx-lab/Liver_Data/240122d66,ICC,512x512x100,0.73046875,0.73046875,5.0,LPS,12130,32361.905670166016,643750,1717475.414276123,4,0.02217642209398186,0,1,-1022.7327282714843,-814.4877319335938,326.9374749755848,-1020.6242065429688,-73.25838088989258,283.9237365722656,-1024.0,-798.0,443.0,-1023.8443603515625,-17.430306434631348,203.4859320068358
240122d67,/projects/insightx-lab/Liver_Data/240122d67,ICC,512x512x60,0.6835939884185791,0.6835939884185791,5.0,LPS,44414,103773.47729158401,359882,840865.640443325,1,0.4487999279506462,0,1,-3024.80859375,-898.6381530761719,221.19577926635725,-3024.968994140625,-918.715087890625,345.32594635009764,-3024.0,-921.0,244.0,-3024.94384765625,-918.4510192871094,241.24868591308586
240122d68,/projects/insightx-lab/Liver_Data/240122d68,ICC,512x512x53,0.705078125,0.705078125,5.0,LPS,44663,111017.73878097534,452824,1125573.6637878418,2,0.06336341042921434,3,1,-1015.0,-832.0,272.0,-1016.0,-805.0,396.0,-1016.0,-818.0,279.0,-1016.0,-816.0,316.0
240122d69,/projects/insightx-lab/Liver_Data/240122d69,ICC,512x512x45,0.68359375,0.68359375,5.0,LPS,115858,270702.4574279785,470639,1099649.0001678467,3,0.04962971913894595,0,1,-1010.0,-922.0,243.0,-1010.0,-921.0,276.0,-1010.0,-911.0,249.0,-1011.0,-917.0,255.0
240122d70,/projects/insightx-lab/Liver_Data/240122d70,ICC,512x512x57,0.68359375,0.68359375,4.999821662902832,LPS,7251,16941.371476650238,604024,1411252.9257774353,1,0.009240104813129224,3,1,-1024.0,-120.0,382.0,-1024.0,-119.0,377.0,-1024.0,-117.0,385.0,-1024.0,-116.0,388.0
240122d71,/projects/insightx-lab/Liver_Data/240122d71,ICC,512x512x70,0.6328125,0.6328125,5.0,LPS,50996,102107.16430664062,626202,1253818.1524658203,2,0.0007059377206055377,0,1,-1017.195068359375,-124.78495407104492,320.00379272461123,-1017.0687255859375,-289.9081115722656,337.10676391601737,-1019.0,-309.0,330.0,-1018.6432012939454,-304.77459716796875,328.9226019287121
240122d72,/projects/insightx-lab/Liver_Data/240122d72,ICC,512x512x56,0.693359375,0.693359375,5.0,LPS,4741,11396.11291885376,540510,1299243.4072494507,1,0.0,0,0,-1016.0,-858.0,243.0,-1018.0,-878.0,306.0,-1018.0,-848.0,254.0,-1015.0,-852.0,230.0
240122d73,/projects/insightx-lab/Liver_Data/240122d73,ICC,512x512x99,0.626953125,0.626953125,5.0,LPS,13944,27404.85580444336,546682,1074422.0726394653,3,0.05134825014343087,0,1,-1014.348388671875,-403.54417419433594,427.2632827758788,-1012.9806182861328,0.0,314.7439010620111,-1016.0,-418.0,435.0,-1009.9464111328125,0.0,246.86060943603513
240122d74,/projects/insightx-lab/Liver_Data/240122d74,ICC,512x512x62,0.73828125,0.73828125,5.0,LPS,5888,16046.54296875,381254,1039030.0090026855,1,0.017153532608695652,0,1,-1023.6550738525391,-854.6614074707031,299.58571319580085,-1023.60205078125,-850.010986328125,306.91269622802804,-1020.0,-861.0,306.0,-1023.5903436279297,-840.7240295410156,318.21106323242384
240122d75,/projects/insightx-lab/Liver_Data/240122d75,ICC,512x512x56,0.654296875,0.654296875,5.0,LPS,22466,48088.96732330322,501770,1074049.7255325317,1,0.0028487492210451347,3,1,-1015.0,-922.0,289.0,-1015.0,-921.0,303.0,-1013.0,-921.0,293.0,-1015.0,-921.0,295.0
240229c01,/projects/insightx-lab/Liver_Data/240229c01,HH,512x512x65,0.740234375,0.740234375,5.0,LPS,89698,245748.7186050415,411315,1126893.9574241638,3,0.01540725545720083,0,1,-1023.9988403320312,-945.4307556152344,246.19520935058608,-1023.958984375,-940.2014770507812,260.0990881347657,-1024.0,-945.0,255.0,-1020.5216564941406,-930.0038146972656,253.61744766235353
240229c02,/projects/insightx-lab/Liver_Data/240229c02,HH,512x512x70,0.69140625,0.69140625,5.0,LPS,206698,494052.2492980957,775628,1853916.1386108398,3,0.4274980889994098,0,1,-1016.4957049560547,-885.3329162597656,283.3158697509766,-1016.3928479003906,-878.9288330078125,307.8844320678729,-1016.0,-883.0,289.0,-1016.4129766845704,-878.2574157714844,294.03903472901015
240229c03,/projects/insightx-lab/Liver_Data/240229c03,HH,512x512x65,0.7820000052452087,0.7820000052452087,5.0,LPS,645309,1973109.7358922958,1012460,3095717.994327545,7,0.06255297849557344,0,1,-2048.55908203125,-984.17822265625,320.7222720336914,-2048.5703125,-983.9895629882812,348.1331799316408,-2048.0,-985.0,324.0,-2048.546142578125,-982.6342163085938,324.0956115722656
240229c04,/projects/insightx-lab/Liver_Data/240229c04,HH,512x512x98,0.712890625,0.712890625,5.0,LPS,97614,248043.54000091553,558817,1419990.4408454895,2,0.015981314155756345,0,1,-1016.6663818359375,-896.6927795410156,230.8915676879883,-1013.2291259765625,0.0,200.49122558593808,-1017.0,-898.0,234.0,-1012.7784423828125,0.0,155.085669708252
240229c05,/projects/insightx-lab/Liver_Data/240229c05,HH,512x512x55,0.66015625,0.66015625,5.0,LPS,73424,159993.19946289062,460537,1003524.5709991455,3,0.21198790586184355,0,1,-1014.9966430664062,-916.8811645507812,275.0323187255882,-1015.6872937011718,-915.43798828125,314.137939453125,-1016.0,-916.0,292.0,-1016.0759045410156,-914.7921752929688,287.672578735352
240229c06,/projects/insightx-lab/Liver_Data/240229c06,HH,512x512x64,0.7421875,0.7421875,5.0,LPS,116643,321259.48333740234,594091,1636252.2201538086,6,0.1737009507642979,0,1,-1024.0,-950.7707824707031,311.175665283203,-1024.0,-950.4111633300781,326.67475585937336,-1024.0,-951.0,319.0,-1024.0,-949.9581298828125,324.21317443847545
240229c07,/projects/insightx-lab/Liver_Data/240229c07,HH,512x512x65,0.705078125,0.705078125,5.0,LPS,43002,106889.0312576294,463440,1151961.5982055664,2,0.23091949211664572,0,1,-1016.1923828125,-936.4777526855469,332.1729287719728,-1015.8299560546875,-935.2347717285156,348.8078173828126,-1015.0,-936.0,339.0,-1015.5595593261719,-934.9169921875,343.7986703491214
240229c08,/projects/insightx-lab/Liver_Data/240229c08,HH,512x512x50,0.70703125,0.70703125,5.0,LPS,104772,261874.04571533203,425917,1064565.0357818604,1,0.6585919902263964,0,1,-1015.344116821289,-921.5130615234375,361.02719146728515,-1014.591431274414,-921.0234985351562,423.6754086303692,-1014.0,-921.0,435.0,-1015.4524542236328,-921.2718200683594,427.6760623168944
240229c09,/projects/insightx-lab/Liver_Data/240229c09,HH,512x512x62,0.69140625,0.69140625,5.0,LPS,83634,199903.07510375977,574234,1372541.57913208,4,0.001434823158045771,0,1,-1016.8952471923828,-915.8428344726562,307.13555938720754,-1016.5244586181641,-915.304443359375,317.5330816650401,-1017.0,-915.0,313.0,-1016.2737261962891,-805.3545837402344,288.0815002441409
240229c10,/projects/insightx-lab/Liver_Data/240229c10,HH,512x512x63,0.833984375,0.833984375,5.0,LPS,42019,146127.36227035522,578508,2011848.1661224365,4,0.3282562650229658,0,1,-1024.0,-922.3654174804688,297.9092062377929,-1024.0,-921.9985961914062,351.6491796874998,-1024.0,-922.0,301.0,-1024.0,-921.9198303222656,305.44337890624956
240229c11,/projects/insightx-lab/Liver_Data/240229c11,HH,512x512x60,0.732421875,0.732421875,5.0,LPS,2861,7673.799991607666,379169,1017010.509967804,1,1.0,0,1,-1023.262183227539,-898.4011535644531,253.9106353759762,-1023.2612677001953,-887.1469116210938,380.7593807983344,-1024.0,-896.0,259.0,-1023.1618786621094,-891.4726867675781,259.3749282836902
240229c12,/projects/insightx-lab/Liver_Data/240229c12,HH,512x512x98,0.8389999866485596,0.8389999866485596,5.0,LPS,88175,310341.1429166794,316033,1112311.2267580032,2,0.5829543521406294,0,1,-2048.56689453125,-1000.1419067382812,325.7113919067383,-2048.566650390625,-999.9423828125,327.82104187011737,-2048.0,-1000.0,327.0,-2048.561279296875,-999.8748168945312,329.6687490844729
240229c13,/projects/insightx-lab/Liver_Data/240229c13,HH,512x512x62,0.7820000052452087,0.7820000052452087,5.0,LPS,86427,264260.92793369293,604921,1849618.577372551,5,0.10966480382287942,0,1,-2048.48193359375,-920.2050476074219,300.62790344238306,-2048.490966796875,-918.3238220214844,306.06771392822327,-2048.0,-925.0,305.0,-2048.498291015625,-918.3497619628906,307.6411553955079
240229c14,/projects/insightx-lab/Liver_Data/240229c14,HH,512x512x96,0.7421875,0.7421875,5.0,LPS,200225,551461.9827270508,528172,1454697.3571777344,10,0.27530528155824696,0,1,-1024.0,-947.9631958007812,342.199132080078,-1015.2544274902343,0.0,240.27357513427717,-1024.0,-949.0,344.0,-1016.7635357666015,0.0,205.46776672363262
240229c15,/projects/insightx-lab/Liver_Data/240229c15,HH,512x512x90,0.599609375,0.599609375,5.0,LPS,214578,385737.646522522,686946,1234893.2944107056,7,0.48767348003989225,0,1,-1012.1265258789062,-348.4221649169922,470.2102276611329,-1010.9013311767578,0.0,339.10759765625016,-1014.0,-352.0,484.0,-1011.4839727783203,0.0,294.9843530273438
240229c16,/projects/insightx-lab/Liver_Data/240229c16,HH,512x512x64,0.75390625,0.75390625,5.0,LPS,182924,519846.80755615234,581651,1652978.37059021,2,0.11825676237125801,0,1,-1024.0,-927.4161376953125,226.17833251953107,-1024.0,-926.7858276367188,293.8845901489257,-1024.0,-924.0,279.0,-1024.0,-923.3988647460938,285.6855163574219
240229c17,/projects/insightx-lab/Liver_Data/240229c17,HH,512x512x60,0.6835939884185791,0.6835939884185791,5.0,LPS,253198,591598.0750050545,496248,1159485.3100147247,10,0.4847471149061209,0,1,-3024.958984375,-983.4215393066406,250.47945983886711,-3024.951904296875,-984.7121887207031,311.0362365722649,-3024.0,-986.0,263.0,-3024.965969238281,-984.1186828613281,262.07198577880854
240229c18,/projects/insightx-lab/Liver_Data/240229c18,HH,512x512x60,0.689453125,0.689453125,5.0,LPS,175296,416630.9216308594,627585,1491598.8781929016,5,0.06161578130704637,0,1,-1014.8183728027344,-916.2459716796875,277.74159027099495,-1014.4816046142578,-915.3307800292969,300.58984069824055,-1014.0,-917.0,287.0,-1015.1832885742188,-915.33056640625,309.24064697265567
240229c19,/projects/insightx-lab/Liver_Data/240229c19,HH,512x512x61,0.5859375,0.5859375,5.0,LPS,120090,206148.1475830078,876396,1504433.4411621094,5,0.49095678241319013,0,1,-1012.4253540039062,-297.00831604003906,427.34055572509754,-1013.3255718994141,-246.78890991210938,441.7806259155273,-1012.0,-223.0,390.0,-1013.240966796875,-231.53854370117188,448.9823574829101
240229c20,/projects/insightx-lab/Liver_Data/240229c20,HH,512x512x95,0.640625,0.640625,5.0,LPS,506646,1039638.5815429688,968687,1987747.6159667969,5,0.14971794902160482,0,1,-1014.1327642822266,-243.0561065673828,351.1890063476567,-1013.1381964111329,-312.62799072265625,360.37722106933643,-1013.0,-312.0,357.0,-1013.2931518554688,-286.03868103027344,365.3407720947266
240229c22,/projects/insightx-lab/Liver_Data/240229c22,HH,512x512x55,0.635546863079071,0.635546863079071,5.0,LPS,63668,128583.82664108276,605526,1222919.6803836823,3,0.5121096940378213,0,1,-1022.9763446044922,-768.5599670410156,383.5212133789071,-1021.0911138916016,-758.2515258789062,363.29790710449254,-1020.0,-779.0,364.0,-1029.9612109375,-757.6631469726562,461.18475738525507
240229c23,/projects/insightx-lab/Liver_Data/240229c23,HH,512x512x55,0.71484375,0.71484375,5.0,LPS,53089,135642.81623840332,479799,1225890.2519989014,4,0.41251483358134455,0,1,-1015.3424072265625,-722.7483520507812,290.087479858399,-1015.4588275146484,-681.5198059082031,410.25523895263683,-1017.0,-785.0,301.0,-1015.3791387939453,-683.7375793457031,406.22697387695325
240229c24,/projects/insightx-lab/Liver_Data/240229c24,HH,512x512x66,0.7460939884185791,0.7460939884185791,5.0,LPS,129684,360947.055519104,713478,1985809.9941215515,3,0.021598655192622065,0,1,-3024.0947265625,-850.5863952636719,284.9410345458982,-3024.912841796875,-839.6225280761719,305.9785275268523,-3024.0,-849.0,298.0,-3024.89697265625,-828.2047424316406,302.2630264282225
240229c25,/projects/insightx-lab/Liver_Data/240229c25,HH,512x512x53,0.70703125,0.70703125,5.0,LPS,28491,71212.28416442871,410042,1024886.0139465332,2,0.8863149766592959,0,1,-1017.1332019042969,-933.0970153808594,349.0040780639644,-1017.6105157470703,-933.7028198242188,412.8388778686521,-1017.0,-942.0,407.0,-1017.8438952636719,-940.4037170410156,398.2291702270491
240229c26,/projects/insightx-lab/Liver_Data/240229c26,HH,512x512x60,0.7832030057907104,0.7832030057907104,5.0,LPS,117483,360324.44017124176,428338,1313727.5184841156,5,0.12383068188588987,0,1,-3024.748779296875,-938.4800109863281,225.8191285705559,-3024.974609375,-945.4742736816406,265.25574188232395,-3024.0,-948.0,242.0,-3024.953125,-944.8610534667969,240.20005798339753
240229c27,/projects/insightx-lab/Liver_Data/240229c27,HH,512x512x88,0.646484375,0.646484375,5.0,LPS,26696,55786.90444946289,462620,966741.7491912842,3,0.4536634701827989,0,1,-1015.3587646484375,-889.5343017578125,435.4669689941402,-1015.8241143798828,-910.7667541503906,498.07691040038844,-1019.0,-917.0,447.0,-1024.015869140625,-731.5496520996094,462.497478637692
240229c28,/projects/insightx-lab/Liver_Data/240229c28,HH,512x512x55,0.66015625,0.66015625,5.0,LPS,72744,158511.4581298828,564269,1229559.8532867432,5,0.1709694270317827,0,1,-1015.5332641601562,-830.6466064453125,321.9242355346685,-1015.8721313476562,-812.2200622558594,332.72985717773463,-1016.0,-873.0,333.0,-1014.5130004882812,-813.7178955078125,338.0261215209992
240229c29,/projects/insightx-lab/Liver_Data/240229c29,HH,512x512x56,0.70703125,0.70703125,5.0,LPS,156759,391813.7816619873,669679,1673839.8528289795,9,0.2851510918033414,0,1,-1012.5372833251953,-864.0327758789062,271.0105984497066,-1012.669517211914,-842.5470886230469,351.538887939452,-1013.0,-866.0,286.0,-1012.3468853759765,-855.6717224121094,286.35399108886634
240229c30,/projects/insightx-lab/Liver_Data/240229c30,HH,512x512x60,0.6835939884185791,0.6835939884185791,5.0,LPS,145044,338895.8490629196,618876,1446006.0911493301,7,0.09245470340034748,0,1,-3024.92529296875,-925.9363098144531,288.947085266112,-3024.957763671875,-937.9291381835938,309.71322113037104,-3024.0,-940.0,296.0,-3024.96044921875,-937.5208129882812,305.3627438354474
240229c31,/projects/insightx-lab/Liver_Data/240229c31,HH,512x512x60,0.68359375,0.68359375,5.0,LPS,70901,165660.33363342285,505605,1181347.131729126,3,0.8186344339289996,0,1,-1013.2994995117188,-949.0468139648438,382.2274542236328,-1013.9849243164062,-948.9764404296875,387.5021105957021,-1014.0,-949.0,390.0,-1013.7660284423828,-949.0194091796875,396.9100933837881
240229c32,/projects/insightx-lab/Liver_Data/240229c32,HH,512x512x59,0.6365195512771606,0.6365195512771606,5.0,LPS,213762,433035.9995083809,844636,1711051.5174856186,1,0.07441921389208558,0,1,-1026.7249877929687,-122.87379837036133,480.3599945068397,-1023.6396606445312,-111.80102920532227,419.0339660644531,-1023.0,-113.0,422.0,-1033.7200988769532,-136.81133270263672,654.5119506835954
240229c33,/projects/insightx-lab/Liver_Data/240229c33,HH,512x512x56,0.6953125,0.6953125,5.0,LPS,22663,54783.21014404297,526759,1273333.141784668,1,0.08939681419053082,0,1,-1015.8623272705078,-920.7168579101562,248.68965484619133,-1016.4095910644531,-920.6793823242188,289.92655090332016,-1015.0,-925.0,266.0,-1016.463134765625,-920.5133056640625,283.5352880859366
240229c34,/projects/insightx-lab/Liver_Data/240229c34,HH,512x512x74,0.6468672156333923,0.6468672156333923,5.0,LPS,297424,622266.3211669922,633339,1325062.9726638794,2,0.30409449136586153,0,1,-1023.5426513671875,-947.7054443359375,433.10421905517376,-1014.2011657714844,0.0,267.5908203124982,-1020.0,-980.0,401.0,-1020.1570983886719,0.0,328.6927200317381
240229c35,/projects/insightx-lab/Liver_Data/240229c35,HH,512x512x64,0.68359375,0.68359375,5.0,LPS,75937,177426.95808410645,496703,1160547.5902557373,1,0.8018752386846991,0,1,-1011.1439819335938,-945.5301513671875,357.625305175781,-1011.7506713867188,-945.0652465820312,363.26371765136685,-1012.0,-945.0,365.0,-1011.657583618164,-945.083984375,369.6397155761715
240229c36,/projects/insightx-lab/Liver_Data/240229c36,HH,512x512x60,0.7226560115814209,0.7226560115814209,5.0,LPS,103625,270581.2861919403,380212,992793.7465438843,1,0.5102147165259349,0,1,-3024.612548828125,-901.9327087402344,265.27956756591675,-3025.019436035156,-943.5616455078125,301.8353793334959,-3024.0,-946.0,275.0,-3025.01611328125,-943.1546936035156,274.62099334716777
240229c37,/projects/insightx-lab/Liver_Data/240229c37,HH,512x512x64,0.65625,0.65625,5.0,LPS,442643,953152.1630859375,664942,1431833.115234375,5,0.7504128609285586,0,1,-1012.6034545898438,-120.86072158813477,306.5909347534178,-1013.498159790039,-128.13209533691406,468.8082962036132,-1013.0,-114.0,311.0,-1013.5696411132812,-125.9027214050293,349.3932632446287
240229c38,/projects/insightx-lab/Liver_Data/240229c38,HH,512x512x65,0.6796875,0.6796875,5.0,LPS,1289244,2977993.114013672,1765851,4078895.9408569336,7,0.06510249417488079,0,1,-1014.0408325195312,-804.4662780761719,309.91721954345724,-1014.6209967041016,-753.0216369628906,411.5515026855469,-1014.0,-858.0,288.0,-1014.6245367431641,-814.7944641113281,319.1727786254884
240229c39,/projects/insightx-lab/Liver_Data/240229c39,HH,512x512x60,0.6835939884185791,0.6835939884185791,5.0,LPS,171953,401768.8283135891,504053,1177721.7217376232,2,0.3745732845603159,0,1,-3024.92822265625,-849.7205810546875,362.2431112670897,-3024.928466796875,-842.6817932128906,379.22467956542914,-3024.0,-857.0,376.0,-3024.976806640625,-843.0478515625,377.494716491698
240229c40,/projects/insightx-lab/Liver_Data/240229c40,HH,512x512x58,0.716796875,0.716796875,5.0,LPS,26356,67708.26881408691,523289,1344323.5801887512,7,0.9089391409925633,0,1,-1024.0,-816.8736267089844,239.6677598571778,-1024.0,-798.4747009277344,304.9972024536134,-1024.0,-810.0,253.0,-1024.0,-798.0625305175781,254.10174285888678
240229c41,/projects/insightx-lab/Liver_Data/240229c41,HH,512x512x63,0.630859375,0.630859375,5.0,LPS,154837,308112.89545059204,776099,1544373.1798362732,1,0.06660552710269509,0,1,-1013.1080499267578,-917.3724975585938,392.3946600341792,-1013.392822265625,-917.3208618164062,401.75673339843706,-1013.0,-920.0,403.0,-1012.9390869140625,-919.1349487304688,399.95152770995946
240229c43,/projects/insightx-lab/Liver_Data/240229c43,HH,512x512x60,0.6835939884185791,0.6835939884185791,5.0,LPS,14943,34914.37544846535,501683,1172184.207864046,5,0.09877534631600081,0,1,-3028.943115234375,-854.8541564941406,234.56254394531243,-3026.638088378906,-840.6118774414062,268.5920968627929,-3024.0,-855.0,244.0,-3026.681396484375,-853.9952697753906,245.66012969970643
240229c44,/projects/insightx-lab/Liver_Data/240229c44,HH,512x512x67,0.8359375,0.8359375,4.999848365783691,LPS,361126,1261720.6751766205,668325,2335028.411793709,3,0.16396216279082648,0,1,-1024.0,-949.8115234375,302.0822467041053,-1024.0,-949.5628662109375,307.5237896728522,-1024.0,-950.0,306.0,-1024.0,-949.75341796875,307.56530975341866
240229c45,/projects/insightx-lab/Liver_Data/240229c45,HH,512x512x60,0.68359375,0.68359375,4.999830722808838,LPS,151320,353547.5162887573,416016,971989.3175811768,1,0.6062979117102828,0,1,-1010.73388671875,-925.6912231445312,342.51524932861275,-1011.4246826171875,-924.8782653808594,361.33411041259706,-1012.0,-927.0,353.0,-1011.478980102539,-924.60205078125,352.394003601074
240229c47,/projects/insightx-lab/Liver_Data/240229c47,HH,512x512x58,0.677734375,0.677734375,5.0,LPS,27758,63749.56172943115,634042,1456153.1673049927,2,0.31828662007349234,0,1,-1017.0,-822.0,362.0,-1018.0,-776.0,413.0,-1018.0,-839.0,413.0,-1017.0,-795.0,413.0
240504a06,/projects/insightx-lab/Liver_Data/240504a06,BCLM,512x512x45,0.703125,0.703125,5.0,LPS,9605,23742.828369140625,411055,1016096.6491699219,6,0.0831858407079646,0,1,-1017.81005859375,-915.0233154296875,296.5622656249973,-1015.9506225585938,-917.6654663085938,325.92075347900317,-1017.0,-920.0,326.0,-1016.27294921875,-918.7879028320312,326.3768447875963
240504a07,/projects/insightx-lab/Liver_Data/240504a07,BCLM,512x512x51,0.767578125,0.767578125,5.0,LPS,335,986.8700981140137,357328,1052645.7266235352,1,0.0,0,0,-1024.0,-900.8209838867188,172.83211181640627,-1024.0,-881.9476928710938,230.6062544250491,-1024.0,-904.0,198.0,-1024.0,-878.7678527832031,185.4812402343755
240504a08,/projects/insightx-lab/Liver_Data/240504a08,BCLM,512x512x89,0.7421875,0.7421875,5.0,LPS,695,1914.1769409179688,243484,670606.4147949219,1,0.0,0,0,-1023.3122985839843,-946.83642578125,343.3973464965868,-1015.6739501953125,-48.99155616760254,239.84332046508837,-1024.0,-956.0,338.0,-1019.0893280029297,-87.23577117919922,269.71656494140643
240504a09,/projects/insightx-lab/Liver_Data/240504a09,BCLM,512x512x46,0.625,0.625,5.0,LPS,10311,20138.671875,392658,766910.15625,1,0.010668218407525944,0,1,-1010.5223388671875,-817.2823486328125,223.55850891113232,-1011.5230572509765,-763.6764526367188,355.3440716552734,-1011.0,-814.0,235.0,-1011.349365234375,-799.1302490234375,236.13067367553657
240504a10,/projects/insightx-lab/Liver_Data/240504a10,BCLM,512x512x103,0.73828125,0.73828125,5.0,LPS,18074,49257.0002746582,375323,1022866.2783050537,7,0.04044483788867987,0,1,-1020.6724053955078,-924.7518920898438,300.88749359130986,-1016.9633178710938,-7.115983486175537,237.19345535278404,-1024.0,-945.0,338.0,-1018.177593383789,-9.25156021118164,253.83336700439588
240504a11,/projects/insightx-lab/Liver_Data/240504a11,BCLM,512x512x64,0.7109375,0.7109375,5.0,LPS,11583,29272.10174560547,453693,1146555.0942993164,5,0.01761201761201761,0,1,-1012.9440826416015,-901.688232421875,341.7316711425781,-1013.4478759765625,-900.6372680664062,329.5683990478509,-1013.0,-913.0,329.0,-1014.5299407958985,-913.7384338378906,357.0741561889643
240504a12,/projects/insightx-lab/Liver_Data/240504a12,BCLM,512x512x50,0.685546875,0.685546875,5.0,LPS,308814,725673.5537338257,710770,1670218.9401626587,2,0.058148270479965285,0,1,-1011.0949096679688,-815.4457702636719,246.0153422546385,-1013.4313970947265,-810.7281188964844,302.8050549316406,-1013.0,-833.0,278.0,-1013.4812017822265,-826.6395874023438,277.9153149414062
240504a13,/projects/insightx-lab/Liver_Data/240504a13,BCLM,512x512x102,0.78125,0.78125,5.0,LPS,3141,9585.5712890625,408083,1245370.4833984375,4,0.039159503342884434,0,1,-3000.999267578125,-944.7130126953125,276.03642730712875,-3000.015869140625,-66.99428939819336,241.974909210205,-3000.0,-946.0,283.0,-3000.0185546875,-64.49744033813477,202.59435165405256
240504a14,/projects/insightx-lab/Liver_Data/240504a14,BCLM,512x512x58,0.6484375,0.6484375,5.0,LPS,280997,590755.7168579102,777983,1635597.194519043,26,0.03632778997640544,0,1,-1015.0202026367188,-835.7973937988281,297.83217773437514,-1015.2129815673828,-839.7721862792969,352.1353332519534,-1015.0,-879.0,320.0,-1015.6974176025391,-846.8720397949219,315.47074890136753
240504a15,/projects/insightx-lab/Liver_Data/240504a15,BCLM,512x512x55,0.671875,0.671875,5.0,LPS,1600,3611.328125,416851,940866.0876464844,2,0.0,0,0,-1015.4701306152343,-910.1897277832031,310.08182373046907,-1015.9645880126953,-909.7653503417969,320.3194754028336,-1016.0,-911.0,317.0,-1014.7127569580078,-910.8674926757812,315.5815997314454
240504b01,/projects/insightx-lab/Liver_Data/240504b01,HCC,512x512x58,0.80859375,0.80859375,5.0,LPS,1197,3913.135757446289,390491,1276561.6500091553,1,0.0,0,0,-1024.0,-922.7144165039062,225.4259637451172,-1024.0,-919.7681579589844,247.91889678955084,-1024.0,-923.0,241.0,-1024.0,-913.5676879882812,229.61347427368227
240504b02,/projects/insightx-lab/Liver_Data/240504b02,HCC,512x512x57,0.626953125,0.626953125,5.0,LPS,17739,34863.363246917725,483919,951070.7412528992,4,0.006877501550256497,0,1,-1012.8421020507812,-888.4039001464844,344.57702209472654,-1013.3936767578125,-872.808837890625,357.96721130371,-1013.0,-876.0,361.0,-1013.6019897460938,-878.1217346191406,358.90703094482365
240504b03,/projects/insightx-lab/Liver_Data/240504b03,HCC,512x512x58,0.685546875,0.685546875,5.0,LPS,2656,6241.2615966796875,389175,914511.6648674011,4,0.058358433734939756,0,1,-1012.8189697265625,-820.181396484375,335.1119592285165,-1013.0766290283203,-807.9440612792969,340.69596405029307,-1014.0,-816.0,348.0,-1013.7515869140625,-808.466064453125,346.5749194335938
240504b04,/projects/insightx-lab/Liver_Data/240504b04,HCC,512x512x62,0.71484375,0.71484375,5.0,LPS,167252,427330.1870727539,649658,1659881.34475708,2,0.003904288140052137,0,1,-1015.0529620361328,-902.7954406738281,296.4559118652355,-1015.3211340332032,-893.6578063964844,320.7195657348633,-1015.0,-888.0,318.0,-1015.3043212890625,-892.0541076660156,311.3815853881839
240504b05,/projects/insightx-lab/Liver_Data/240504b05,HCC,512x512x54,0.671875,0.671875,5.0,LPS,230782,520893.45458984375,824304,1860520.13671875,1,0.028061113951694673,0,1,-1012.8573608398438,-111.6485366821289,353.7913284301758,-1013.0048828125,-109.93390655517578,365.94603729248047,-1013.0,-109.0,362.0,-1012.9300842285156,-107.97077941894531,361.8663635253906
240504b06,/projects/insightx-lab/Liver_Data/240504b06,HCC,512x512x100,0.74609375,0.74609375,5.0,LPS,631867,1758662.4166107178,1147019,3192474.3758392334,4,0.0903687010082818,0,1,-1023.9999389648438,-821.2658996582031,324.26342895507787,-1016.7067877197265,0.0,216.46843368530187,-1024.0,-846.0,325.0,-1016.5861822509765,0.0,201.41166702270505
240504b07,/projects/insightx-lab/Liver_Data/240504b07,HCC,512x512x99,0.7578125,0.7578125,5.0,LPS,5361,15393.569641113281,477390,1370777.133178711,2,0.029845178138407015,0,1,-1024.0,-921.0278625488281,272.90276031494056,-1024.0,-919.78076171875,289.1781921386719,-1024.0,-920.0,284.0,-1024.0,-920.4176025390625,282.19286193847597
240504b08,/projects/insightx-lab/Liver_Data/240504b08,HCC,512x512x60,0.7820000052452087,0.7820000052452087,5.0,LPS,6249,19107.06768321991,488416,1493390.5536193848,2,0.12081933109297488,0,1,-2048.5771484375,-889.1804809570312,313.07715454101526,-2048.53466796875,-873.5279846191406,322.39385131835843,-2048.0,-874.0,319.0,-2048.540771484375,-875.4879150390625,318.10742492675763
240504b09,/projects/insightx-lab/Liver_Data/240504b09,HCC,512x512x68,0.759765625,0.759765625,5.0,LPS,38835,112086.31582260132,402703,1162289.0598869324,1,0.4426161967297541,0,1,-1024.0,-802.6515808105469,282.75294342041013,-1024.0,-794.3890991210938,286.2910461425781,-1024.0,-872.0,287.0,-1024.0,-857.20556640625,283.88971954345686
240504b10,/projects/insightx-lab/Liver_Data/240504b10,HCC,512x512x69,0.8659999966621399,0.8659999966621399,5.0,LPS,5151,19315.117697238922,566926,2125847.8772325516,4,0.028149873810910504,0,1,-2048.567626953125,-930.4346618652344,304.84390411376876,-2048.560302734375,-929.6083679199219,319.8997772216794,-2048.0,-936.0,307.0,-2048.555419921875,-929.9017944335938,307.8113784790037
240504b11,/projects/insightx-lab/Liver_Data/240504b11,HCC,512x512x101,0.71484375,0.71484375,5.0,LPS,36890,94254.24270629883,638670,1631806.9175720215,1,0.0009487666034155598,0,1,-1024.0,-105.31489562988281,322.70426116943395,-1012.8439678955078,0.0,210.25612747192383,-1017.0,-108.0,339.0,-1013.4854736328125,0.0,192.66125350952177
240504b12,/projects/insightx-lab/Liver_Data/240504b12,HCC,512x512x54,0.685546875,0.685546875,5.0,LPS,2394,5625.5949783325195,405337,952490.3056526184,1,0.25104427736006685,0,1,-1012.6318969726562,-765.7462158203125,225.94755935668945,-1013.53076171875,-680.4598999023438,255.44598770141602,-1013.0,-782.0,230.0,-1013.5030670166016,-730.6495666503906,233.06140518188477
240504b13,/projects/insightx-lab/Liver_Data/240504b13,HCC,512x512x81,0.7820000052452087,0.7820000052452087,5.0,LPS,111883,342095.7038888931,595915,1822081.6512155533,4,0.1286433148914491,0,1,-2048.5595703125,-493.47853088378906,371.83112243652363,-2048.556640625,-473.6026153564453,376.7596014404305,-2048.0,-481.0,380.0,-2048.556640625,-498.3313903808594,377.66484893798895
240504b14,/projects/insightx-lab/Liver_Data/240504b14,HCC,512x512x70,0.744140625,0.744140625,5.0,LPS,30588,84689.80155944824,536193,1484571.6871833801,1,0.008728913299333072,0,1,-1023.999267578125,-767.6248168945312,288.3541192626958,-1023.9998168945312,-769.70166015625,292.5474209594729,-1024.0,-824.0,289.0,-1023.999755859375,-752.4756164550781,293.65739807128966
240504b15,/projects/insightx-lab/Liver_Data/240504b15,HCC,512x512x113,0.73828125,0.73828125,5.0,LPS,662390,1805208.83102417,1055713,2877130.4376983643,2,0.04422923051374568,0,1,-1019.8488946533203,-858.0992736816406,352.59737762451164,-1019.0598321533203,-22.335514068603516,295.1066943359374,-1024.0,-909.0,404.0,-1012.3591485595703,0.0,272.0232769775389
240504b16,/projects/insightx-lab/Liver_Data/240504b16,HCC,512x512x61,0.900390625,0.900390625,5.0,LPS,354,1434.9448013305664,573016,2322729.7465515137,17,0.0,0,0,-1024.00146484375,-859.2107238769531,211.1464770507812,-1024.0008544921875,-850.7684326171875,287.188200073242,-1024.0,-857.0,240.0,-1024.001953125,-845.6181335449219,244.5368855285644
240504b17,/projects/insightx-lab/Liver_Data/240504b17,HCC,512x512x67,0.76953125,0.76953125,5.0,LPS,366393,1084850.001296997,716631,2121866.796798706,1,0.01911881504286381,0,1,-1024.0,-945.916015625,255.77082687378015,-1024.0,-945.7706298828125,308.52668151855505,-1024.0,-946.0,274.0,-1024.0,-945.59423828125,269.5316665649416
240504b18,/projects/insightx-lab/Liver_Data/240504b18,HCC,512x512x109,0.771484375,0.771484375,5.0,LPS,83684,249038.62190246582,370491,1102559.247493744,1,0.019071746092442998,0,1,-1024.0,-946.0335083007812,355.29284820556643,-1024.0,-946.049560546875,364.85165710449223,-1024.0,-946.0,362.0,-1024.0,-945.6932983398438,369.2849807739259
240504b19,/projects/insightx-lab/Liver_Data/240504b19,HCC,512x512x55,0.68359375,0.68359375,5.0,LPS,35480,82899.09362792969,524651,1225848.150253296,1,0.014994363021420518,0,1,-1010.882080078125,-954.8779296875,296.2008291625979,-1011.0941046142578,-955.1458435058594,321.567078247071,-1011.0,-955.0,313.0,-1010.9741705322266,-954.9761352539062,310.6161282348634
240504b20,/projects/insightx-lab/Liver_Data/240504b20,HCC,512x512x63,0.841796875,0.841796875,5.0,LPS,2659,9421.129207611084,411411,1457674.3845176697,2,0.0,0,0,-1024.0,-863.6430053710938,260.8115200805653,-1024.0,-856.9604797363281,266.8404360961906,-1024.0,-911.0,263.0,-1024.0,-856.6081848144531,266.9784170532223
240504b21,/projects/insightx-lab/Liver_Data/240504b21,HCC,512x512x106,0.712890625,0.712890625,5.0,LPS,9989,25382.700443267822,535906,1361772.0956802368,3,0.18870757833616977,0,1,-1012.079833984375,-649.4820251464844,337.3322085571293,-1009.6373291015625,0.0,231.48917785644608,-1016.0,-794.0,341.0,-1009.4762573242188,0.0,231.06558502197288
240504b22,/projects/insightx-lab/Liver_Data/240504b22,HCC,512x512x56,0.69140625,0.69140625,5.0,LPS,23758,56786.680755615234,396329,947310.7331085205,2,0.01679434295816146,0,1,-1010.7045288085938,-825.2989807128906,264.68008605956936,-1012.0682373046875,-811.3509521484375,359.0536001586914,-1013.0,-832.0,288.0,-1012.9160382080078,-819.5820922851562,288.8335986328118
240504b23,/projects/insightx-lab/Liver_Data/240504b23,HCC,512x512x102,0.73828125,0.73828125,5.0,LPS,22258,60659.63882446289,467547,1274203.9785003662,2,0.24305867553239285,0,1,-1024.0,-900.0805053710938,391.9720401000965,-1016.7362060546875,0.0,290.13698120117124,-1024.0,-914.0,404.0,-1017.4352496337891,0.0,263.2858300781245
240504b24,/projects/insightx-lab/Liver_Data/240504b24,HCC,512x512x102,0.70703125,0.70703125,5.0,LPS,73641,184063.1714630127,475845,1189358.3713531494,1,0.02307138686329626,0,1,-1014.4102252197266,-872.5431213378906,451.4963470458981,-1011.3421630859375,0.0,312.03834320068324,-1015.0,-889.0,462.0,-1011.4318237304688,0.0,312.0680395507811
240504b25,/projects/insightx-lab/Liver_Data/240504b25,HCC,512x512x56,0.732421875,0.732421875,5.0,LPS,18722,50216.31717681885,373904,1002888.6795043945,5,0.01265890396325179,0,1,-1023.9521484375,-800.0503234863281,296.4651770019527,-1023.954833984375,-776.7509460449219,371.9058300781237,-1021.0,-806.0,301.0,-1023.704917602539,-195.53456115722656,296.9829113769508
240504b26,/projects/insightx-lab/Liver_Data/240504b26,HCC,512x512x95,0.75,0.75,5.0,LPS,11233,31592.8125,399371,1123230.9375,2,0.020208314786788927,0,1,-1024.0,-915.1131591796875,360.496424560547,-1024.0,-42.68649673461914,283.9116354370119,-1024.0,-913.0,408.0,-1024.0,-39.553253173828125,277.17085662841805
240504b27,/projects/insightx-lab/Liver_Data/240504b27,HCC,512x512x57,0.65625,0.65625,5.0,LPS,204517,440390.6103515625,3108271,6693103.0810546875,3,,0,2,-1016.17919921875,-868.4812927246094,277.24347686767555,-1016.6429443359375,-849.6376342773438,308.95385101318357,-1017.0,-866.0,292.0,-1015.6166296386718,-869.8931274414062,296.99981689453125
240504b28,/projects/insightx-lab/Liver_Data/240504b28,HCC,512x512x105,0.82421875,0.82421875,5.0,LPS,99633,338421.69136047363,482661,1639446.287612915,1,0.011060592374012626,0,1,-1024.0,-926.2468872070312,303.55947448730444,-1024.0,-53.30188751220703,236.40138854980387,-1024.0,-934.0,335.0,-1024.0,-51.24668312072754,211.62481338500942
240504b29,/projects/insightx-lab/Liver_Data/240504b29,HCC,512x512x102,0.7929689884185791,0.7929689884185791,5.0,LPS,22938,72117.05134963989,401093,1261036.0309085846,2,0.010506582962769203,0,1,-3024.804443359375,-914.1085815429688,275.42778472900375,-3024.0068359375,0.0,187.51073272705037,-3024.0,-928.0,281.0,-3024.007080078125,0.0,155.07928863525387
240504b30,/projects/insightx-lab/Liver_Data/240504b30,HCC,512x512x107,0.734375,0.734375,5.0,LPS,1024553,2762741.182861328,1425938,3845089.1625976562,9,0.11192100359864253,0,1,-1019.1934118652343,-795.2269287109375,330.7262579345702,-1016.3680419921875,0.0,226.72170471191384,-1024.0,-900.0,374.0,-1014.9767456054688,0.0,186.2437661743163
240504b31,/projects/insightx-lab/Liver_Data/240504b31,HCC,512x512x66,0.7820000052452087,0.7820000052452087,5.0,LPS,3978,12163.212553024292,326314,997744.2285137177,4,0.29663147310206134,0,1,-2048.488037109375,-986.3937683105469,302.5915695190424,-2048.50537109375,-985.88037109375,305.26072662353454,-2048.0,-987.0,304.0,-2048.482421875,-985.7635803222656,302.9819375610341
240504b32,/projects/insightx-lab/Liver_Data/240504b32,HCC,512x512x54,0.677734375,0.677734375,5.0,LPS,1564,3591.9127655029297,415607,954491.1053276062,1,0.0,0,0,-1010.9949951171875,-710.6851196289062,252.36745834350586,-1011.4077911376953,-717.8636169433594,288.83106994628906,-1013.0,-727.0,260.0,-1011.3980102539062,-711.72509765625,278.5703125
240504b33,/projects/insightx-lab/Liver_Data/240504b33,HCC,512x512x61,0.7820000052452087,0.7820000052452087,5.0,LPS,123945,378976.71691417694,453567,1386835.5525484085,1,0.013118722013796442,0,1,-2048.581298828125,-990.2118225097656,306.90681549072264,-2048.58203125,-989.8720703125,331.3895288085937,-2048.0,-990.0,309.0,-2048.58544921875,-989.8445434570312,309.94592315673816
240504b34,/projects/insightx-lab/Liver_Data/240504b34,HCC,512x512x112,0.7820000052452087,0.7820000052452087,5.0,LPS,237083,724909.7339639664,832978,2546930.232778549,3,0.012577873571702737,0,1,-2048.537841796875,-982.6866455078125,348.05303894043004,-2048.0029296875,0.0,245.59843872070337,-2048.0,-984.0,355.0,-2048.0029296875,0.0,242.75879653930673
240504b36,/projects/insightx-lab/Liver_Data/240504b36,HCC,512x512x59,0.833984375,0.833984375,5.0,LPS,10973,38160.250034332275,377180,1311699.9095916748,1,0.005376834047206781,0,1,-1024.0,-979.186279296875,270.4042572021492,-1024.0,-979.3252563476562,308.42189331054715,-1024.0,-980.0,272.0,-1024.0,-979.1966552734375,275.84008941650393
240504b37,/projects/insightx-lab/Liver_Data/240504b37,HCC,512x512x69,0.7820000052452087,0.7820000052452087,5.0,LPS,6752,20645.050567626953,311628,952840.0204811096,2,0.056427725118483416,0,1,-2048.569580078125,-973.9662780761719,338.38828887939394,-2048.511962890625,-977.6244506835938,349.2209030151364,-2048.0,-980.0,342.0,-2048.544677734375,-978.0391235351562,342.4057464599596
240504b38,/projects/insightx-lab/Liver_Data/240504b38,HCC,512x512x97,0.7695310115814209,0.7695310115814209,5.0,LPS,6402,18955.61660385132,344042,1018670.4541740417,2,0.15245235863792564,0,1,-3024.079833984375,-911.0328979492188,290.18432586669906,-3024.017333984375,-26.778794288635254,269.78427276610864,-3024.0,-915.0,297.0,-3024.0166015625,-18.73253059387207,217.00321594238085
240504b39,/projects/insightx-lab/Liver_Data/240504b39,HCC,512x512x67,0.73828125,0.73828125,5.0,LPS,274748,748769.6310424805,774910,2111859.139251709,3,0.009943657460654854,0,1,-1023.6361694335938,-846.7618408203125,318.78598602295006,-1023.9994506835938,-848.6549987792969,332.33048248291107,-1024.0,-827.0,333.0,-1023.9990844726562,-849.1492614746094,328.7881777954108
240504b40,/projects/insightx-lab/Liver_Data/240504b40,HCC,512x512x103,0.796875,0.796875,5.0,LPS,102732,326179.1162109375,445959,1415941.6003417969,3,0.012177315734143207,0,1,-1024.0,-951.2901000976562,292.04868713378914,-1024.0,0.0,221.1511157226564,-1024.0,-956.0,298.0,-1024.0,0.0,244.95610107421908
240504b41,/projects/insightx-lab/Liver_Data/240504b41,HCC,512x512x104,0.8105469942092896,0.8105469942092896,5.0,LPS,33062,108606.42629814148,346160,1137112.1083831787,1,0.005716532575161817,0,1,-3024.00390625,-973.3030090332031,263.5878372192383,-3024.01708984375,-63.87327003479004,226.9779052734375,-3024.0,-984.0,261.0,-3024.017578125,-58.6961612701416,193.56829452514648
240504b42,/projects/insightx-lab/Liver_Data/240504b42,HCC,512x512x60,0.7402340173721313,0.7402340173721313,5.0,LPS,46883,128446.85662436485,585766,1604841.8705592155,6,0.025851587995648743,0,1,-3025.083740234375,-754.7768249511719,303.07672821044844,-3025.06884765625,-750.8030090332031,312.07882476806617,-3024.0,-737.0,318.0,-3024.868896484375,-589.9967956542969,324.5910311889643
240504b43,/projects/insightx-lab/Liver_Data/240504b43,HCC,512x512x60,0.6835939884185791,0.6835939884185791,5.0,LPS,40491,94607.3731033802,448297,1047447.6189801693,3,0.2239510014571139,0,1,-3024.976955566406,-955.70263671875,273.0774554443351,-3025.0009765625,-956.8631896972656,293.50556335449164,-3024.0,-959.0,292.0,-3024.990966796875,-956.1754150390625,289.6377630615234
240504b44,/projects/insightx-lab/Liver_Data/240504b44,HCC,512x512x46,0.607421875,0.607421875,5.0,LPS,18550,34221.163749694824,404186,745645.0291824341,5,0.020107816711590298,0,1,-1015.9019635009765,-919.0667724609375,303.9675650024411,-1016.2782312011718,-918.53466796875,397.2161914062499,-1016.0,-918.0,314.0,-1016.2818322753906,-918.0421752929688,318.3990176391586
240504b45,/projects/insightx-lab/Liver_Data/240504b45,HCC,512x512x61,0.6484375,0.6484375,5.0,LPS,24738,52008.08166503906,544947,1145672.5717163086,2,0.4932088285229202,0,1,-1014.4431256103516,-863.6264038085938,289.90084503173824,-1015.1878051757812,-851.9946899414062,446.3850213623044,-1014.0,-886.0,315.0,-1015.1433312988281,-875.5566101074219,353.19107635498045
240504b46,/projects/insightx-lab/Liver_Data/240504b46,HCC,512x512x62,0.81640625,0.81640625,5.0,LPS,1325,4415.689468383789,330720,1102156.0913085938,1,0.0,0,0,-1024.0,-920.3951110839844,286.8219302368169,-1024.0,-920.5303649902344,294.28000549316425,-1024.0,-920.0,294.0,-1024.0,-920.2329711914062,295.5026864624025
240504b47,/projects/insightx-lab/Liver_Data/240504b47,HCC,512x512x62,0.701171875,0.701171875,5.0,LPS,12139,29840.211086273193,495023,1216870.4846000671,1,0.005437021171430925,0,1,-1017.1400756835938,-873.5202026367188,291.5153903198262,-1017.0143878173828,-853.9309692382812,301.2385742187503,-1017.0,-860.0,296.0,-1016.9906616210938,-863.6978149414062,296.2109729003919
240504b48,/projects/insightx-lab/Liver_Data/240504b48,HCC,512x512x101,0.734375,0.734375,5.0,LPS,1787,4818.704833984375,446842,1204924.2895507812,3,0.001119194180190263,0,1,-1023.2041015625,-909.6163330078125,323.514459228516,-1017.7685546875,0.0,237.8901724243167,-1024.0,-912.0,331.0,-1017.9269317626953,0.0,219.58193267822276
240504b49,/projects/insightx-lab/Liver_Data/240504b49,HCC,512x512x100,0.767578125,0.767578125,5.0,LPS,4480,13197.54638671875,415582,1224255.0719833374,2,0.0,0,0,-1024.0,-917.7518920898438,305.88050445556405,-1024.0,0.0,218.16754364013627,-1024.0,-916.0,328.0,-1024.0,0.0,196.9194044494626
240504b50,/projects/insightx-lab/Liver_Data/240504b50,HCC,512x512x116,0.828125,0.828125,5.0,LPS,45109,154676.73461914062,637385,2185564.532470703,3,0.03023786827462369,0,1,-1024.0,-473.2035675048828,268.8948526000959,-1024.0,0.0,200.87650299072175,-1024.0,-479.0,272.0,-1024.0,0.0,168.89341979980418
240504e01,/projects/insightx-lab/Liver_Data/240504e01,CRLM,512x512x94,0.74609375,0.74609375,5.0,LPS,6668,18558.907165527344,380693,1059574.9918365479,9,0.0,0,0,-1024.0,-939.883544921875,286.34293518066397,-1022.3605529785157,0.0,241.82990798950175,-1024.0,-938.0,299.0,-1021.6088439941407,0.0,210.45306854248042
240504e02,/projects/insightx-lab/Liver_Data/240504e02,CRLM,512x512x100,0.75,0.75,5.0,LPS,11827,33263.4375,467898,1315963.125,2,0.06239959414898114,0,1,-3024.042724609375,-899.9838256835938,338.8569351196286,-3024.9365234375,-912.0997924804688,364.51721466064396,-3024.0,-914.0,348.0,-3024.913330078125,-911.4169921875,350.7149795532198
240504e03,/projects/insightx-lab/Liver_Data/240504e03,CRLM,512x512x104,0.7820000052452087,0.7820000052452087,5.0,LPS,1492,4561.96911239624,443861,1357158.2923574448,1,0.06501340482573727,0,1,-2048.515869140625,-972.154296875,343.2831039428711,-2048.015869140625,-63.1988525390625,293.7461853027344,-2048.0,-975.0,346.0,-2048.027587890625,-71.89759063720703,287.99031829833984
240504e04,/projects/insightx-lab/Liver_Data/240504e04,CRLM,512x512x97,0.77734375,0.77734375,5.0,LPS,2411,7284.394149780273,550181,1662270.9488677979,5,0.046453753629199505,0,1,-1024.0,-925.6763305664062,308.0817864990231,-1024.0,0.0,223.39307998657137,-1024.0,-927.0,349.0,-1024.0,0.0,208.94249923706025
240504e05,/projects/insightx-lab/Liver_Data/240504e05,CRLM,512x512x96,0.8515625,0.8515620231628418,5.0,LPS,595,2157.3458302021027,299943,1087530.7232744694,4,0.11932773109243698,0,1,-3000.95068359375,-989.867431640625,261.50640747070247,-3000.020263671875,-93.32485580444336,193.8019270324706,-3000.0,-990.0,258.0,-3000.018798828125,-84.8896484375,151.2765707397458
240504e06,/projects/insightx-lab/Liver_Data/240504e06,CRLM,512x512x96,0.72265625,0.72265625,5.0,LPS,517,1349.9698638916016,496035,1295226.8886566162,3,0.07736943907156674,0,1,-1020.096665649414,-893.1178894042969,284.06548858642566,-1017.9508996582031,-30.900551795959473,284.9316525268554,-1021.0,-892.0,309.0,-1016.8544921875,-25.5836124420166,226.38324920654293
240504e07,/projects/insightx-lab/Liver_Data/240504e07,CRLM,512x512x107,0.806640625,0.806640625,5.0,LPS,998,3246.838798522949,333215,1084063.5172843933,2,0.32665330661322645,0,1,-1024.0,-956.7789306640625,356.08856018066353,-1024.0,-4.914407253265381,269.8430722045898,-1024.0,-958.0,355.0,-1024.0,-14.926058292388916,237.9799334716795
240504e08,/projects/insightx-lab/Liver_Data/240504e08,CRLM,512x512x103,0.78125,0.78125,5.0,LPS,3164,9655.76171875,387259,1181820.6787109375,2,0.0,0,0,-3000.9990234375,-987.612548828125,278.46318237304786,-3000.0458984375,-39.17163848876953,244.56011306762804,-3000.0,-988.0,282.0,-3000.969482421875,-987.139892578125,287.9976745605477
240504e09,/projects/insightx-lab/Liver_Data/240504e09,CRLM,512x512x81,0.650390625,0.650390625,5.0,LPS,2259,4777.874965667725,408308,863587.6810455322,1,0.036741921204072596,0,1,-1011.322021484375,-913.2073059082031,266.10628906250076,-1009.9906005859375,0.0,234.09637557983416,-1012.0,-907.0,267.0,-1009.7755126953125,0.0,189.32218307495128
240504e10,/projects/insightx-lab/Liver_Data/240504e10,CRLM,512x512x97,0.75390625,0.75390625,5.0,LPS,28705,81575.9693145752,501072,1423983.0725097656,15,0.04769203971433548,0,1,-1024.0,-920.1815795898438,345.32620971679535,-1021.5400183105469,0.0,243.46697463989244,-1024.0,-919.0,337.0,-1024.0,-917.446044921875,422.9313345336909
240504e11,/projects/insightx-lab/Liver_Data/240504e11,CRLM,512x512x96,0.703125,0.703125,5.0,LPS,848,2096.19140625,454726,1124048.0346679688,1,0.0,0,0,-1014.1525268554688,-746.2428894042969,362.2223031616203,-1010.5808575439453,0.0,248.32200866699213,-1015.0,-836.0,365.0,-1010.4390728759765,0.0,229.23009109497053
240504e12,/projects/insightx-lab/Liver_Data/240504e12,CRLM,512x512x88,0.78125,0.78125,5.0,LPS,870,2655.029296875,440757,1345083.6181640625,2,0.0022988505747126436,0,1,-3000.988037109375,-988.9059448242188,269.1987322998043,-3000.006103515625,0.0,192.76815155029294,-3000.0,-989.0,268.0,-3000.0068359375,0.0,180.10117996215797
240504e13,/projects/insightx-lab/Liver_Data/240504e13,CRLM,512x512x59,0.7820000052452087,0.7820000052452087,5.0,LPS,3589,10973.798354148865,333455,1019578.69328022,1,0.014488715519643355,0,1,-2048.507080078125,-959.9162902832031,322.29789428711047,-2048.50634765625,-959.5490417480469,325.9289428710945,-2048.0,-962.0,325.0,-2048.50537109375,-959.6234436035156,325.02743988037116
240504e14,/projects/insightx-lab/Liver_Data/240504e14,CRLM,512x512x99,0.78125,0.78125,5.0,LPS,2156,6579.58984375,399801,1220095.8251953125,2,0.031076066790352505,0,1,-3000.116943359375,-973.1332397460938,276.6483261108393,-3000.001708984375,0.0,196.3791961669915,-3000.0,-989.0,277.0,-3000.001953125,0.0,174.16215286254823
240504e15,/projects/insightx-lab/Liver_Data/240504e15,CRLM,512x512x96,0.79296875,0.79296875,5.0,LPS,34512,108505.63110351562,357901,1125239.739151001,3,0.034046128882707465,0,1,-1024.0,-933.1039428710938,309.85564514160137,-1022.666644897461,0.0,202.98130035400357,-1024.0,-936.0,281.0,-1024.0,-937.3888244628906,309.3722839355469
240504e16,/projects/insightx-lab/Liver_Data/240504e16,CRLM,512x512x110,0.78515625,0.78515625,5.0,LPS,948,2922.0693969726562,661019,2037493.0281829834,3,0.0,0,0,-1024.0,-924.9744873046875,274.35009765625,-1024.0,0.0,225.40018859863267,-1024.0,-925.0,292.0,-1024.0,0.0,199.17962646484375
240504e17,/projects/insightx-lab/Liver_Data/240504e17,CRLM,512x512x100,0.798828125,0.7988280057907104,5.0,LPS,66943,213590.4371151924,363246,1158984.089753151,16,0.03834605559953991,0,1,-3000.980224609375,-991.27197265625,239.41992904662936,-3000.06103515625,-842.9794616699219,230.10130416870095,-3000.0,-991.0,241.0,-3000.968994140625,-991.2398071289062,246.61929611205994
240504e18,/projects/insightx-lab/Liver_Data/240504e18,CRLM,512x512x91,0.7182773351669312,0.7182773351669312,5.0,LPS,1182,3049.1008400917053,475441,1226453.0901134014,2,0.02961082910321489,0,1,-1023.6124786376953,-985.1162109375,428.472791748045,-1014.7594604492188,0.0,276.9052014160152,-1021.0,-986.0,424.0,-1023.6234112548829,0.0,367.8100210571274
240504e19,/projects/insightx-lab/Liver_Data/240504e19,CRLM,512x512x100,0.78125,0.78125,5.0,LPS,1413,4312.1337890625,385034,1175030.517578125,2,0.06581740976645435,0,1,-3000.0,0.0,132.83606384277255,-3000.000732421875,0.0,224.8958445739744,-3000.0,-951.0,284.0,-3000.00244140625,0.0,179.6711990356423
240504e20,/projects/insightx-lab/Liver_Data/240504e20,CRLM,512x512x86,0.701171875,0.701171875,5.0,LPS,12481,30680.91890335083,340642,837369.5679092407,5,0.01922922842720936,0,1,-1016.3521221923828,-925.6395874023438,275.31942321777,-1017.0151977539062,-0.007970468141138554,206.94336639404185,-1017.0,-926.0,315.0,-1012.1835327148438,0.0,182.6221627807612
240504e21,/projects/insightx-lab/Liver_Data/240504e21,CRLM,512x512x90,0.7890625,0.7890620231628418,5.0,LPS,36553,113793.0067577362,386184,1202227.9572601318,2,0.002243317921921593,0,1,-3000.944091796875,-991.7682495117188,269.84574127197277,-3000.019287109375,-60.968414306640625,227.46791015625013,-3000.0,-991.0,268.0,-3000.0224609375,-59.92825126647949,161.69126144409182
240504e22,/projects/insightx-lab/Liver_Data/240504e22,CRLM,512x512x104,0.698171854019165,0.698171854019165,5.0,LPS,760,1852.2869110107422,550115,1340751.0711193085,1,0.5578947368421052,0,1,-1021.0644683837891,-898.818603515625,430.2516555786133,-1013.9124755859375,0.0,278.4158248901367,-1020.0,-894.0,417.0,-1020.1120758056641,0.0,345.3506317138672
240504e23,/projects/insightx-lab/Liver_Data/240504e23,CRLM,512x512x93,0.947265625,0.947265625,5.0,LPS,29924,134255.84602355957,242908,1089821.5160369873,12,0.010392995588825024,0,1,-1024.016357421875,-996.5,299.07341674804684,-1024.0001220703125,0.0,188.31694702148434,-1024.0,-996.0,303.0,-1024.0001220703125,0.0,155.75547302246082
240504e24,/projects/insightx-lab/Liver_Data/240504e24,CRLM,512x512x93,0.70703125,0.70703125,5.0,LPS,6642,16601.45278930664,413732,1034109.0432739258,2,0.018066847335140017,0,1,-1013.8560791015625,-905.0796813964844,388.5731442260736,-1011.9761962890625,0.0,246.77904571533202,-1015.0,-907.0,366.0,-1011.7279107666016,0.0,254.28569259643547
240504e25,/projects/insightx-lab/Liver_Data/240504e25,CRLM,512x512x98,0.75390625,0.75390625,5.0,LPS,1548,4399.219665527344,439391,1248693.4935760498,1,0.23772609819121446,0,1,-1024.0,-914.8568115234375,321.5047439575196,-1023.99462890625,-45.50960922241211,244.76840942382842,-1024.0,-915.0,323.0,-1022.6632489013672,-17.8755521774292,227.80224655151392
240504e26,/projects/insightx-lab/Liver_Data/240504e26,CRLM,512x512x100,0.7001953125,0.7001953125,5.0,LPS,3162,7751.223649978638,432977,1061385.6933259964,2,0.005060088551549652,0,1,-1019.707153930664,-980.3995361328125,401.5422180175756,-1013.2433471679688,0.0,254.8368989562988,-1019.0,-981.0,395.0,-1021.5690307617188,0.0,357.4672869873043
240504e27,/projects/insightx-lab/Liver_Data/240504e27,CRLM,512x512x102,0.73828125,0.73828125,5.0,LPS,1785,4864.653396606445,414269,1129005.657119751,5,0.09243697478991597,0,1,-1018.6578369140625,-884.2355346679688,249.012976379394,-1015.0912475585938,0.0,222.88836898803623,-1024.0,-921.0,279.0,-1016.6199340820312,0.0,189.65695785522456
240504e28,/projects/insightx-lab/Liver_Data/240504e28,CRLM,512x512x106,0.80078125,0.80078125,5.0,LPS,2201,7056.962966918945,426708,1368133.8272094727,1,0.0481599273057701,0,1,-1024.0,-926.4297485351562,289.19547637939456,-1024.0,-91.70261764526367,274.244979248047,-1024.0,-928.0,350.0,-1024.0,-57.290164947509766,248.41949066162113
240504e29,/projects/insightx-lab/Liver_Data/240504e29,CRLM,512x512x91,0.7246090173721313,0.7246090173721313,5.0,LPS,37694,98957.72306585312,460784,1209692.138408661,24,0.0036875895367963073,0,1,-3024.97802734375,-901.8303833007812,319.56683258056637,-3024.005859375,0.0,218.53844070434525,-3024.0,-920.0,319.0,-3024.00634765625,0.0,194.91032669067272
240504e30,/projects/insightx-lab/Liver_Data/240504e30,CRLM,512x512x94,0.7246090173721313,0.7246090173721313,5.0,LPS,18067,47431.134467840195,403836,1060187.0603284836,3,,0,2,-3025.136962890625,-929.6373901367188,443.19726867675627,-3024.00390625,0.0,256.5406265258787,-3024.0,-968.0,448.0,-3024.005126953125,0.0,241.76422348022436
240504e31,/projects/insightx-lab/Liver_Data/240504e31,CRLM,512x512x96,0.73828125,0.73828125,5.0,LPS,8558,23323.08334350586,422118,1150396.5055847168,3,0.012386071512035522,0,1,-1020.8238995361328,-913.125,388.3434683227539,-1017.1147650146485,0.0,270.2154119873046,-1024.0,-922.0,441.0,-1018.421128540039,0.0,237.36404663085932
240504e32,/projects/insightx-lab/Liver_Data/240504e32,CRLM,512x512x72,0.83203125,0.83203125,5.0,LPS,21770,75354.24270629883,368522,1275594.6821594238,2,0.006568672485071199,0,1,-1024.0001220703125,-947.3980102539062,332.1565460205029,-1024.0001220703125,-947.3175659179688,339.22870727538975,-1024.0,-947.0,342.0,-1024.0001220703125,-947.050537109375,342.48577545165836
240504e33,/projects/insightx-lab/Liver_Data/240504e33,CRLM,512x512x98,0.759765625,0.759765625,5.0,LPS,4031,11634.348888397217,352365,1017002.5666236877,2,0.07839245844703548,0,1,-1024.0,-914.4456787109375,248.64852905273438,-1023.8891534423828,-15.662004947662354,199.92888427734397,-1024.0,-916.0,253.0,-1017.8662042236328,0.0,180.31234924316414
240504e34,/projects/insightx-lab/Liver_Data/240504e34,CRLM,512x512x100,0.765625,0.765625,5.0,LPS,62924,184424.4677734375,404066,1184280.3540039062,3,0.01341300616616871,0,1,-1024.0,-924.5829467773438,418.0112438964816,-1024.0,0.0,310.12671478271363,-1024.0,-925.0,574.0,-1022.7562866210938,0.0,240.450927734375
240504e35,/projects/insightx-lab/Liver_Data/240504e35,CRLM,512x512x92,0.7109379768371582,0.7109379768371582,5.0,LPS,712,1799.3407554626465,466804,1179690.2556362152,2,0.2696629213483146,0,1,-3025.031005859375,-911.0599365234375,252.68372665405286,-3024.00830078125,0.0,207.9971243286136,-3024.0,-921.0,258.0,-3024.008056640625,0.0,174.05294448852555
240504e36,/projects/insightx-lab/Liver_Data/240504e36,CRLM,512x512x109,0.794921875,0.794921875,5.0,LPS,28383,89676.20023727417,417638,1319528.9051437378,6,0.0035232357397033437,0,1,-1024.0,-915.8956909179688,310.97662963867197,-1024.0,-61.96270179748535,224.8880256652845,-1024.0,-915.0,312.0,-1024.0,-10.899426460266113,220.69644165039153
240504e38,/projects/insightx-lab/Liver_Data/240504e38,CRLM,512x512x96,0.73828125,0.73828125,5.0,LPS,1071,2918.792037963867,394370,1074774.991607666,3,0.09243697478991597,0,1,-1023.9993896484375,-782.7408142089844,272.8045590209957,-1019.0834350585938,-110.27779006958008,269.0326657104491,-1024.0,-781.0,306.0,-1023.7459716796875,-698.9864807128906,310.62336120605346
240504e39,/projects/insightx-lab/Liver_Data/240504e39,CRLM,512x512x60,0.7558590173721313,0.7558590173721313,5.0,LPS,4498,12849.051352024078,397877,1136581.1482412815,3,0.05091151622943531,0,1,-3025.450927734375,-877.3228149414062,282.9577398681622,-3025.04833984375,-892.856689453125,308.6641140747065,-3024.0,-893.0,302.0,-3025.146484375,-892.6632080078125,295.5353396606438
240504e40,/projects/insightx-lab/Liver_Data/240504e40,CRLM,512x512x106,0.89453125,0.89453125,5.0,LPS,4108,16435.823669433594,405559,1622613.4886932373,9,0.027020447906523856,0,1,-1024.0001220703125,-936.3317565917969,212.23109558105602,-1024.0,0.0,160.87174865722682,-1024.0,-956.0,220.0,-1024.0,0.0,124.89874038696297
240504e41,/projects/insightx-lab/Liver_Data/240504e41,CRLM,512x512x92,0.75390625,0.75390625,5.0,LPS,10645,30251.73988342285,364153,1034876.6400909424,7,0.033067167684358856,0,1,-1024.0,-912.9701538085938,283.77792633056833,-1016.882661743164,0.0,226.9219882202151,-1024.0,-913.0,287.0,-1023.2916296386719,-38.00984001159668,204.30166641235382
240504e42,/projects/insightx-lab/Liver_Data/240504e42,CRLM,512x512x105,0.75390625,0.75390625,5.0,LPS,37971,107908.76609802246,542672,1542204.9963378906,2,0.37852571699454846,0,1,-1024.0,-867.3588256835938,274.3714120483397,-1024.0,-819.2946166992188,290.2287789916983,-1024.0,-867.0,283.0,-1024.0,-858.7351684570312,282.9716506958006
240504e43,/projects/insightx-lab/Liver_Data/240504e43,CRLM,512x512x100,0.765625,0.765625,5.0,LPS,7568,22181.11328125,472568,1385053.427734375,2,0.019952431289640592,0,1,-1024.0,-394.4590759277344,341.94696899413884,-1023.962646484375,0.0,226.03192428588807,-1024.0,-681.0,419.0,-1023.9992065429688,0.0,221.30629150390587
240504e44,/projects/insightx-lab/Liver_Data/240504e44,CRLM,512x512x96,0.76953125,0.76953125,5.0,LPS,1094,3239.215545654297,461842,1367464.1554260254,2,0.010054844606946984,0,1,-1014.2931518554688,-96.62692642211914,319.9151565551757,-1023.3482055664062,-28.74884033203125,229.4421833801269,-1024.0,-113.0,340.0,-1024.0,0.0,186.6675674438469
240504e45,/projects/insightx-lab/Liver_Data/240504e45,CRLM,512x512x100,0.75,0.75,4.999898910522461,LPS,1287,3619.6144709587097,539745,1518002.1854138374,1,0.0,0,0,-1024.0,-935.3865661621094,384.30112487792803,-1023.9940185546875,0.0,257.96649353027306,-1024.0,-935.0,388.0,-1023.9961553955078,0.0,250.77531967162975
240504e46,/projects/insightx-lab/Liver_Data/240504e46,CRLM,512x512x100,0.73828125,0.73828125,5.0,LPS,2226,6066.508941650391,408831,1114185.4973602295,2,0.0,0,0,-1023.2735595703125,-860.1986999511719,320.4863284301757,-1016.529296875,0.0,225.34530654907223,-1024.0,-858.0,319.0,-1011.4818731689453,0.0,210.18180389403756
240504e47,/projects/insightx-lab/Liver_Data/240504e47,CRLM,512x512x56,0.767578125,0.767578125,5.0,LPS,2715,7998.06661605835,401489,1182738.7726020813,1,0.15359116022099448,0,1,-1024.0,-951.9876098632812,298.96789520263604,-1024.0,-951.9426574707031,312.9404995727535,-1024.0,-952.0,316.0,-1024.0,-950.9186401367188,372.292958374023
240504e48,/projects/insightx-lab/Liver_Data/240504e48,CRLM,512x512x94,0.77734375,0.77734375,5.0,LPS,7985,24125.212478637695,446666,1349519.3684387207,2,0.07564182842830307,0,1,-1024.0,-953.6270751953125,270.79100341796584,-1024.0,-45.197025299072266,236.61441802978356,-1024.0,-953.0,278.0,-1024.0,0.0,205.97875976562455
240504e49,/projects/insightx-lab/Liver_Data/240504e49,CRLM,512x512x95,0.75,0.75,5.0,LPS,1825,5132.8125,322754,907745.625,3,0.010410958904109589,0,1,-1024.0,-952.029296875,326.4574447631851,-1023.999755859375,0.0,239.85842727661145,-1024.0,-951.0,371.0,-1023.9996337890625,0.0,196.9793186950684
240504e50,/projects/insightx-lab/Liver_Data/240504e50,CRLM,512x512x109,0.73828125,0.73828125,5.0,LPS,2349,6401.720352172852,509084,1387404.5993041992,3,0.07109408258833547,0,1,-1020.4361602783204,-848.938232421875,339.71829223632903,-1015.5299072265625,0.0,245.5680015563966,-1024.0,-908.0,415.0,-1015.9529418945312,0.0,209.78012771606524
240620a01,/projects/insightx-lab/Liver_Data/240620a01,BCLM,512x512x101,0.71484375,0.71484375,5.0,LPS,70180,179310.45684814453,415306,1061110.1252746582,30,0.05019948703334283,0,1,-1016.9960412597657,-921.1463623046875,333.7530905151368,-1014.1417236328125,-2.7443138360977173,259.7356741333008,-1017.0,-921.0,374.0,-1013.5759625244141,0.0,237.27718627929698
240620a02,/projects/insightx-lab/Liver_Data/240620a02,BCLM,512x512x99,0.69140625,0.69140625,5.0,LPS,14162,33850.196685791016,364306,870768.9418029785,6,0.008755825448382997,0,1,-1017.4986511230469,-912.3790283203125,564.1427276611319,-1016.4347534179688,0.0,470.8048019409176,-1020.0,-917.0,576.0,-1014.0813598632812,0.0,304.4280899047843
240620a03,/projects/insightx-lab/Liver_Data/240620a03,BCLM,512x512x47,0.6953125,0.6953125,5.0,LPS,4114,9944.761352539062,489482,1183223.5479736328,7,0.043996110841030625,0,1,-1017.4701129150391,-609.3452453613281,313.4410824584963,-1018.4948931884766,-578.7225036621094,368.5972290039065,-1018.0,-640.0,321.0,-1016.0082397460938,-629.1748352050781,291.1596524047853
240620a04,/projects/insightx-lab/Liver_Data/240620a04,BCLM,512x512x101,0.845703125,0.8457030057907104,5.0,LPS,12035,43037.98321008682,411100,1470121.719789505,11,0.0004154549231408392,0,1,-3000.995361328125,-981.1998901367188,357.38032165527466,-3000.00830078125,-6.815646648406982,246.06928451538113,-3000.0,-988.0,362.0,-3000.011962890625,-44.79067611694336,171.23081512451176
240620a05,/projects/insightx-lab/Liver_Data/240620a05,BCLM,512x512x91,0.8359375,0.8359375,5.0,LPS,4032,14087.63671875,416249,1454356.3235473633,4,0.026537698412698412,0,1,-1024.0,-908.5905456542969,262.1575744628899,-1024.0,0.0,188.6816633605954,-1024.0,-918.0,318.0,-1024.0,0.0,180.09668579101526
240620a06,/projects/insightx-lab/Liver_Data/240620a06,BCLM,512x512x90,0.75,0.75,5.0,LPS,2205,6201.5625,317232,892215.0,5,0.03764172335600907,0,1,-1024.0,-936.9169921875,357.44936798095716,-1011.2821044921875,0.0,256.1151568603516,-1024.0,-950.0,377.0,-1011.0066528320312,0.0,237.92586380004883
240620a07,/projects/insightx-lab/Liver_Data/240620a07,BCLM,512x512x46,0.681640625,0.681640625,5.0,LPS,1537,3570.711841583252,452604,1051475.902633667,1,0.0,0,0,-1014.4793420410156,-741.6562194824219,247.59064285278197,-1015.0370483398438,-770.3558044433594,278.3488446044919,-1014.0,-781.0,248.0,-1014.6658325195312,-714.7908325195312,246.26795639038068
240620a08,/projects/insightx-lab/Liver_Data/240620a08,BCLM,512x512x63,0.6171875,0.6171875,5.0,LPS,8223,15661.542663574219,608365,1158693.2266235352,8,0.0010944910616563297,0,1,-1012.7748413085938,-908.4837646484375,287.1304348754877,-1012.9215087890625,-907.5884704589844,306.1481851196279,-1013.0,-908.0,297.0,-1013.2246704101562,-907.2745056152344,300.05245941162025
240620a09,/projects/insightx-lab/Liver_Data/240620a09,BCLM,512x512x61,0.75,0.75,5.0,LPS,6786,19085.625,455301,1280534.0625,7,0.012967875036840553,0,1,-1024.0,-911.4353332519531,257.60166137695296,-1024.0,-909.4686889648438,297.49075897216795,-1024.0,-914.0,265.0,-1024.0,-914.0924682617188,266.9890542602538
240620a10,/projects/insightx-lab/Liver_Data/240620a10,BCLM,512x512x94,0.74609375,0.74609375,5.0,LPS,2821,7851.631240844727,489037,1361126.6172027588,1,0.0,0,0,-1024.0,-914.300537109375,311.29763183593604,-1013.0041900634766,0.0,236.13192901611296,-1024.0,-915.0,319.0,-1010.9261260986328,0.0,199.7084495544433
240620a11,/projects/insightx-lab/Liver_Data/240620a11,BCLM,512x512x100,0.78125,0.78125,5.0,LPS,360,1098.6328125,457686,1396746.826171875,4,0.0,0,0,-3000.903564453125,-944.099853515625,254.63716934203933,-3000.0107421875,0.0,209.69406509399334,-3000.0,-947.0,260.0,-3000.0224609375,-24.580772399902344,176.26190414428663
240620a12,/projects/insightx-lab/Liver_Data/240620a12,BCLM,512x512x43,0.603515625,0.603515625,5.0,LPS,15841,28848.925037384033,492861,897576.5445899963,22,0.04418912947414936,0,1,-1013.270025024414,-821.7352905273438,266.42452056884747,-1014.069097290039,-859.8079223632812,311.0628424072263,-1014.0,-860.0,288.0,-1014.1244506835938,-830.1687316894531,277.01505279541004
240620a13,/projects/insightx-lab/Liver_Data/240620a13,BCLM,512x512x60,0.6835939884185791,0.6835939884185791,5.0,LPS,42298,98829.43536901474,447528,1045650.8476009369,2,0.1281620880419878,0,1,-3024.896728515625,-824.542236328125,304.5741137695295,-3024.976318359375,-822.4503173828125,333.159282531738,-3024.0,-820.0,332.0,-3024.952880859375,-823.9724426269531,330.6741943359375
240620a14,/projects/insightx-lab/Liver_Data/240620a14,BCLM,512x512x98,0.701171875,0.701171875,5.0,LPS,1381,3394.787998199463,419727,1031777.1050834656,1,0.0,0,0,-1015.41552734375,-906.996337890625,330.85848114013925,-1012.1022271728516,0.0,251.71589599609433,-1016.0,-906.0,338.0,-1011.4093627929688,0.0,221.39367538452166
240620a15,/projects/insightx-lab/Liver_Data/240620a15,BCLM,512x512x58,0.73046875,0.73046875,5.0,LPS,21631,57709.84184265137,514565,1372819.7849273682,9,0.008783690074430216,0,1,-1017.0594482421875,-877.4877014160156,222.72694992065433,-1020.6903338623047,-874.9247131347656,268.3377890014654,-1020.0,-880.0,231.0,-1019.928373413086,-864.5789794921875,232.76049255371106
240620a16,/projects/insightx-lab/Liver_Data/240620a16,BCLM,512x512x57,0.669921875,0.669921875,5.0,LPS,23293,52268.94678115845,400306,898277.2940444946,13,0.0902417035160778,0,1,-1012.4623370361328,-819.3688354492188,252.87699447631815,-1012.744140625,-825.0782165527344,268.47164276123044,-1013.0,-835.0,258.0,-1013.1436724853515,-834.4972839355469,262.11413421630755
240620a17,/projects/insightx-lab/Liver_Data/240620a17,BCLM,512x512x61,0.78515625,0.78515625,5.0,LPS,26226,80837.75527954102,371030,1143644.945526123,1,0.0020208952947456723,0,1,-1024.0,-943.590576171875,274.29526000976557,-1024.0,-943.9802856445312,285.42958801269526,-1024.0,-947.0,285.0,-1024.0,-947.1568298339844,281.865862121582
240620a18,/projects/insightx-lab/Liver_Data/240620a18,BCLM,512x512x59,0.794921875,0.794921875,5.0,LPS,6624,20928.554077148438,400640,1265823.6572265625,2,0.08786231884057971,0,1,-1023.8067687988281,-117.24328994750977,253.88197784423903,-1024.0,-469.7519226074219,267.90115509033205,-1024.0,-922.0,267.0,-1024.0,-921.7999267578125,269.56998138427787
240620a19,/projects/insightx-lab/Liver_Data/240620a19,BCLM,512x512x98,0.8046875,0.8046875,5.0,LPS,1480,4791.66259765625,365948,1184796.8542480469,2,0.30675675675675673,0,1,-1024.0,-916.2374267578125,270.3134780883797,-1024.0,-72.50569152832031,212.53744857788092,-1024.0,-923.0,276.0,-1024.0,-60.78806114196777,192.32119415283205
240620a20,/projects/insightx-lab/Liver_Data/240620a20,BCLM,512x512x99,0.734375,0.734375,5.0,LPS,19948,53790.4443359375,597274,1610569.1723632812,7,0.0016041708441949067,0,1,-1023.9549560546875,-922.9921875,337.27079772949196,-1014.1181640625,0.0,243.2728683471679,-1024.0,-925.0,312.0,-1023.9044799804688,-923.59619140625,345.5812789916987
240620a21,/projects/insightx-lab/Liver_Data/240620a21,BCLM,512x512x62,0.701171875,0.701171875,5.0,LPS,2895,7116.517925262451,487477,1198320.8320045471,8,0.002072538860103627,0,1,-1015.903564453125,-789.0235290527344,270.5264950561524,-1016.3800048828125,-762.9214782714844,313.83127838134794,-1016.0,-784.0,284.0,-1014.63818359375,-776.6998901367188,284.5764434814457
240620a22,/projects/insightx-lab/Liver_Data/240620a22,BCLM,512x512x84,0.5859375,0.5859375,5.0,LPS,288498,495239.63928222656,731858,1256317.5201416016,17,0.010031265381389126,0,1,-1010.9026489257812,-849.7558288574219,331.7073593139652,-1009.3656036376954,0.0,223.2236991882325,-1011.0,-848.0,340.0,-1009.5675659179688,0.0,207.52485961914113
240620a23,/projects/insightx-lab/Liver_Data/240620a23,BCLM,512x512x102,0.830078125,0.830078125,5.0,LPS,177204,610494.0891265869,466635,1607626.8553733826,7,0.029107695085889708,0,1,-1024.0,-952.251708984375,324.6923828125,-1024.0,-35.013593673706055,250.69101287841647,-1024.0,-952.0,326.0,-1024.0,-29.64600944519043,196.46642791748025
240620a24,/projects/insightx-lab/Liver_Data/240620a24,BCLM,512x512x96,0.7265625,0.7265625,5.0,LPS,22364,59029.002685546875,495621,1308174.4473266602,4,0.014442854587730281,0,1,-1020.010484008789,-659.7532653808594,273.1764782714831,-1015.19384765625,0.0,221.67577941894433,-1020.0,-672.0,278.0,-1015.058837890625,0.0,173.8922158813474
240620a25,/projects/insightx-lab/Liver_Data/240620a25,BCLM,512x512x92,0.6328125,0.6328125,5.0,LPS,2565,5135.792541503906,462964,926973.5119628906,2,0.007407407407407408,0,1,-1012.9014892578125,-885.9226989746094,345.2223391723646,-1012.0143432617188,0.0,255.39165374755885,-1014.0,-874.0,358.0,-1012.151704711914,0.0,232.969826507569
240620a26,/projects/insightx-lab/Liver_Data/240620a26,BCLM,512x512x105,0.76171875,0.76171875,5.0,LPS,9903,28729.368209838867,562242,1631107.4867248535,3,0.0350398869029587,0,1,-1024.0,-872.9434509277344,404.01149505615206,-1023.9575805664062,0.0,214.64814849853462,-1024.0,-888.0,366.0,-1024.0,0.0,209.6895407104481
240620a27,/projects/insightx-lab/Liver_Data/240620a27,BCLM,512x512x104,0.7820000052452087,0.7820000052452087,5.0,LPS,2780,8500.183734893799,341323,1043636.0478219986,3,0.0,0,0,-2048.489501953125,-984.5926513671875,353.9128952026367,-2048.021484375,-91.74574661254883,299.12969970703125,-2048.0,-985.0,364.0,-2048.025146484375,-89.12825393676758,289.1140365600586
240620a28,/projects/insightx-lab/Liver_Data/240620a28,BCLM,512x512x91,0.775390625,0.775390625,5.0,LPS,9916,29809.014205932617,334189,1004623.3005714417,4,0.07674465510286406,0,1,-1024.0,-946.6572265625,296.26931121826146,-1024.0,0.0,228.96596649169896,-1024.0,-950.0,302.0,-1024.0,-948.1328735351562,342.36550262451146
240620a29,/projects/insightx-lab/Liver_Data/240620a29,BCLM,512x512x51,0.6015625,0.6015625,5.0,LPS,26922,48712.32238769531,559227,1011858.1796264648,1,0.0209865537478642,0,1,-1011.44873046875,-826.3678588867188,295.804192810059,-1011.9051251220703,-808.5224914550781,321.80179351806714,-1012.0,-842.0,323.0,-1011.2824096679688,-833.1645202636719,311.6362689208986
240620a30,/projects/insightx-lab/Liver_Data/240620a30,BCLM,512x512x87,0.5859375,0.5859375,5.0,LPS,5493,9429.359436035156,576924,990355.6823730469,2,0.052976515565264885,0,1,-1015.0436236572266,-912.993408203125,343.40602264404345,-1008.8681030273438,0.0,236.9445376586915,-1012.0,-913.0,315.0,-1009.0015258789062,0.0,213.16708663940432
240620a31,/projects/insightx-lab/Liver_Data/240620a31,BCLM,512x512x91,0.64453125,0.64453125,5.0,LPS,56776,117929.58068847656,574425,1193139.6961212158,9,0.0270889108073834,0,1,-1013.5577984619141,-656.1732482910156,305.3401055908198,-1009.281005859375,0.0,240.01075744628906,-1012.0,-692.0,302.0,-1008.7360229492188,0.0,248.7131575012204
240620a32,/projects/insightx-lab/Liver_Data/240620a32,BCLM,512x512x61,0.60546875,0.60546875,5.0,LPS,95762,175528.1105041504,539622,989106.6398620605,4,0.027651886969779244,0,1,-1012.698486328125,-645.2588806152344,282.46653259277343,-1013.0076397705078,-565.84033203125,399.59632904052734,-1013.0,-587.0,296.0,-1013.1284893798828,-580.2729187011719,296.88330139160155
240620a33,/projects/insightx-lab/Liver_Data/240620a33,BCLM,512x512x59,0.7820000052452087,0.7820000052452087,5.0,LPS,1345,4112.498965263367,337714,1032601.0970668793,2,0.01486988847583643,0,1,-2048.515380859375,-996.7241821289062,305.2588684082034,-2048.504638671875,-996.5840454101562,312.7329559326174,-2048.0,-997.0,313.0,-2048.494384765625,-996.5791015625,311.3525711059589
240620a34,/projects/insightx-lab/Liver_Data/240620a34,BCLM,512x512x92,0.74609375,0.74609375,5.0,LPS,1975,5496.976852416992,287911,801336.7607879639,2,0.12253164556962025,0,1,-1024.0,-917.0045166015625,306.0545782470708,-1015.0524005126953,0.0,227.18563430786207,-1024.0,-949.0,322.0,-1010.4386596679688,0.0,183.23395675659185
240620a35,/projects/insightx-lab/Liver_Data/240620a35,BCLM,512x512x99,0.7820000052452087,0.7820000052452087,5.0,LPS,287198,878142.362695694,528887,1617135.494603157,11,0.09855221833021122,0,1,-2048.51953125,-995.6040649414062,302.57028656005843,-2048.003173828125,0.0,254.0641723632807,-2048.0,-996.0,305.0,-2048.003662109375,0.0,228.96063079833982
240620a36,/projects/insightx-lab/Liver_Data/240620a36,BCLM,512x512x87,0.73828125,0.73828125,5.0,LPS,722,1967.6637268066406,403152,1098708.5412597656,3,0.0,0,0,-1023.9869384765625,-935.6836853027344,362.3927862548833,-1019.6826617431641,-31.944692611694336,254.2671501159669,-1024.0,-940.0,376.0,-1018.2955157470703,0.0,239.1161915588379
240620a37,/projects/insightx-lab/Liver_Data/240620a37,BCLM,512x512x60,0.8671875,0.8671875,5.0,LPS,1315,4944.493103027344,468292,1760811.0754394531,1,0.0,0,0,-1024.0001220703125,-895.2923889160156,292.67949584960843,-1024.0001220703125,-877.3609313964844,285.04891601562485,-1024.0,-890.0,276.0,-1024.0001220703125,-891.3045349121094,296.1655252075193
240620a38,/projects/insightx-lab/Liver_Data/240620a38,BCLM,512x512x94,0.7265625,0.7265625,5.0,LPS,22177,58535.42266845703,389255,1027425.0778198242,1,0.0006312846642918339,0,1,-1021.0103759765625,-945.9211730957031,313.6045928955077,-1016.6904693603516,-36.879737854003906,260.5625289916991,-1021.0,-945.0,325.0,-1013.8244201660157,-32.37989044189453,198.48015518188402
240620a39,/projects/insightx-lab/Liver_Data/240620a39,BCLM,512x512x99,0.81640625,0.81640625,5.0,LPS,2151,7168.413619995117,560199,1866916.8486785889,1,0.0,0,0,-1024.0,-919.5479736328125,270.019287109375,-1024.0,-76.6344108581543,193.2612548828124,-1024.0,-920.0,291.0,-1024.0,-76.5005874633789,181.26078720092738
240620a40,/projects/insightx-lab/Liver_Data/240620a40,BCLM,512x512x55,0.81640625,0.81640625,5.0,LPS,2225,7415.02571105957,330344,1100903.0352783203,4,0.1303370786516854,0,1,-1024.0,-942.9483032226562,265.93812530517783,-1024.0,-945.3599853515625,297.40942993164094,-1024.0,-945.0,278.0,-1024.0,-944.7552185058594,299.7516632080086
240620a41,/projects/insightx-lab/Liver_Data/240620a41,BCLM,512x512x59,0.73046875,0.73046875,5.0,LPS,16579,44231.4949798584,520179,1387797.5045013428,3,0.006393630496411122,0,1,-1021.1770660400391,-899.932373046875,260.1415710449228,-1023.5636596679688,-904.5459289550781,300.3214843750002,-1024.0,-905.0,257.0,-1015.6875030517579,-756.3314819335938,256.91581420898456
240620a42,/projects/insightx-lab/Liver_Data/240620a42,BCLM,512x512x56,0.66796875,0.66796875,5.0,LPS,6947,15498.140487670898,431004,961531.6744995117,1,0.03742622714840939,0,1,-1015.6224365234375,0.0,193.34700576781975,-1015.0966796875,-786.7422790527344,338.35707824707026,-1013.0,-917.0,294.0,-1013.1605450439453,-917.3437194824219,285.4595910644525
240620a43,/projects/insightx-lab/Liver_Data/240620a43,BCLM,512x512x61,0.7890625,0.7890625,5.0,LPS,956,2976.121826171875,356874,1110983.7872314453,2,0.03765690376569038,0,1,-1024.0,-783.5413513183594,235.25082458496092,-1024.0,-755.5896911621094,265.83529205322264,-1024.0,-805.0,246.0,-1024.0,-777.6199951171875,246.4075364685058
240620a44,/projects/insightx-lab/Liver_Data/240620a44,BCLM,512x512x63,0.65625,0.65625,5.0,LPS,33594,72338.642578125,546928,1177711.171875,3,0.021491933083288683,0,1,-1011.2142333984375,-118.41735076904297,285.4722613525387,-1012.6925048828125,-118.44556427001953,301.5158956909179,-1013.0,-118.0,300.0,-1012.645952758789,-116.65153884887695,301.0777575683587
240620a45,/projects/insightx-lab/Liver_Data/240620a45,BCLM,512x512x99,0.73828125,0.73828125,5.0,LPS,766,2087.5767517089844,508947,1387031.2337493896,2,0.0,0,0,-1018.7612579345703,-899.89892578125,269.0733947753906,-1016.9977416992188,-15.103049755096436,258.60846710205067,-1024.0,-918.0,315.0,-1017.6660430908203,0.0,211.09534759521478
240620a46,/projects/insightx-lab/Liver_Data/240620a46,BCLM,512x512x53,0.740234375,0.740234375,5.0,LPS,3762,10306.88175201416,507328,1389944.1003417969,1,0.03987240829346093,0,1,-1023.9987182617188,-912.0408935546875,297.8296026611325,-1023.9990234375,-909.4531860351562,309.8083319091794,-1024.0,-911.0,305.0,-1023.9951171875,-910.9247436523438,309.635377807616
240620a47,/projects/insightx-lab/Liver_Data/240620a47,BCLM,512x512x86,0.646484375,0.646484375,5.0,LPS,7999,16715.59217453003,459116,959419.4045257568,3,0.013751718964870608,0,1,-1014.5210675048828,-920.0025939941406,357.0174005126921,-1012.4997052001953,0.0,250.11040893554605,-1012.0,-921.0,350.0,-1012.9185894775391,0.0,239.6903025817856
240620a48,/projects/insightx-lab/Liver_Data/240620a48,BCLM,512x512x84,0.71875,0.71875,5.0,LPS,13859,35797.9052734375,414381,1070349.3603515625,1,0.0,0,0,-1017.4943359375,-937.2117614746094,305.0425369262699,-1008.6688842773438,0.0,220.51949691772478,-1017.0,-936.0,312.0,-1009.3775634765625,0.0,201.92103424072286
240620a49,/projects/insightx-lab/Liver_Data/240620a49,BCLM,512x512x91,0.740234375,0.740234375,5.0,LPS,2094,5737.004356384277,371312,1017296.3522338867,4,0.0,0,0,-1023.9043579101562,-919.7505798339844,296.144956665039,-1009.1570416259766,0.0,222.05311691284123,-1024.0,-921.0,299.0,-1010.3184204101562,0.0,173.80199417114227
240620a50,/projects/insightx-lab/Liver_Data/240620a50,BCLM,512x512x94,0.79296875,0.79296875,5.0,LPS,16082,50561.76284790039,460522,1447879.8750305176,9,0.008954110185300335,0,1,-1024.0,-919.8148498535156,268.3482070922835,-1024.0,-73.4154167175293,212.3086944580068,-1024.0,-920.0,274.0,-1024.0,0.0,191.8530570983886
240620a51,/projects/insightx-lab/Liver_Data/240620a51,BCLM,512x512x59,0.689453125,0.689453125,5.0,LPS,5012,11912.161026000977,535350,1272381.365776062,7,0.0009976057462090981,0,1,-1016.3989288330079,-853.9475708007812,347.4319793701177,-1017.3040832519531,-848.5751647949219,375.49561767578234,-1017.0,-869.0,375.0,-1017.5440704345704,-870.4124755859375,373.2092788696292
240620a52,/projects/insightx-lab/Liver_Data/240620a52,BCLM,512x512x110,0.73828125,0.73828125,5.0,LPS,16042,43719.19876098633,461419,1257503.3644866943,4,0.3905373394838549,0,1,-1024.0,-949.0862426757812,328.2171765136718,-1019.18896484375,0.0,243.6475428771971,-1024.0,-950.0,340.0,-1019.4325830078125,0.0,229.70597473144517
240620a53,/projects/insightx-lab/Liver_Data/240620a53,BCLM,512x512x90,0.744140625,0.744140625,5.0,LPS,710,1965.7957077026367,349622,968007.6435470581,1,0.0,0,0,-1024.0,-948.3592529296875,245.86979629516605,-1022.6559698486328,-37.97046661376953,250.69177047729494,-1024.0,-949.0,253.0,-1017.6139666748047,-11.170933723449707,189.93088073730473
240620a54,/projects/insightx-lab/Liver_Data/240620a54,BCLM,512x512x93,0.75390625,0.75390625,5.0,LPS,7692,21859.688415527344,682912,1940749.2895507812,6,0.00013000520020800833,0,1,-1024.0,-906.410400390625,244.45061889648423,-1018.0447442626953,0.0,195.31870620727517,-1024.0,-907.0,254.0,-1023.4473986816406,0.0,156.60548294067365
240620a55,/projects/insightx-lab/Liver_Data/240620a55,BCLM,512x512x63,0.63671875,0.63671875,5.0,LPS,23210,47047.91946411133,576351,1168294.5037078857,24,0.06893580353295993,0,1,-1014.0994262695312,-901.0675048828125,295.2471102905263,-1014.5581408691406,-898.0282592773438,315.2161499023432,-1014.0,-904.0,318.0,-1014.3006591796875,-898.7247619628906,310.29286468505666
240620a57,/projects/insightx-lab/Liver_Data/240620a57,BCLM,512x512x70,0.736328125,0.736328125,5.0,LPS,125868,341214.9996185303,592755,1606896.8848228455,7,0.047637207232974224,0,1,-1023.9923706054688,-846.7066345214844,300.1661264038087,-1023.9907836914062,-833.9507446289062,307.88660949707037,-1024.0,-840.0,307.0,-1023.9869384765625,-837.7191467285156,308.65067565918116
240620a58,/projects/insightx-lab/Liver_Data/240620a58,BCLM,512x512x86,0.7265625,0.7265625,5.0,LPS,1779,4695.608825683594,411574,1086335.3045654297,2,0.04103428892636313,0,1,-1021.0919396972656,-918.3908081054688,303.389450988769,-1013.8400982666016,0.0,197.3263597106921,-1022.0,-924.0,279.0,-1022.9747521972656,-924.2938232421875,311.8509494018541
240620a59,/projects/insightx-lab/Liver_Data/240620a59,BCLM,512x512x50,0.66015625,0.66015625,5.0,LPS,4229,9215.123672485352,378608,824998.7097167969,2,0.34807283045637266,0,1,-1011.7566528320312,-922.171142578125,332.2089990234372,-1012.0591430664062,-921.695068359375,349.7054302978505,-1013.0,-926.0,310.0,-1012.176636352539,-921.6715698242188,351.06790740966784
240620a60,/projects/insightx-lab/Liver_Data/240620a60,BCLM,512x512x103,0.78125,0.78125,5.0,LPS,87526,267108.154296875,361671,1103732.2998046875,5,0.05712588259488609,0,1,-3000.8671875,-991.6041259765625,270.57991851806776,-3000.006103515625,-50.33734893798828,241.16333557128996,-3000.0,-992.0,294.0,-3000.012451171875,-61.93657875061035,184.5561077880866
240620a61,/projects/insightx-lab/Liver_Data/240620a61,BCLM,512x512x90,0.6796875,0.6796875,5.0,LPS,3334,7701.1248779296875,467634,1080176.314086914,1,0.0,0,0,-1011.6117553710938,-934.2465209960938,334.33471984863286,-1013.6155786132813,-8.858219189278316e-07,224.2123753356936,-1010.0,-933.0,329.0,-1012.8013916015625,-934.063232421875,411.40399383544934
240620a62,/projects/insightx-lab/Liver_Data/240620a62,BCLM,512x512x90,0.74609375,0.74609375,5.0,LPS,1472,4096.9873046875,338587,942382.2286224365,5,0.01358695652173913,0,1,-1024.0,-899.7962036132812,321.82531188964845,-1019.9540405273438,-64.34000015258789,236.97054733276372,-1024.0,-900.0,305.0,-1013.2506713867188,0.0,215.27186965942388
240620a63,/projects/insightx-lab/Liver_Data/240620a63,BCLM,512x512x57,0.70703125,0.70703125,5.0,LPS,3545,8860.60676574707,281597,703842.1109771729,3,0.08716502115655854,0,1,-1010.4750323486328,-927.5333251953125,261.8718923950189,-1011.3428912353515,-931.0103149414062,315.55792724609364,-1012.0,-935.0,282.0,-1011.8556518554688,-933.4236755371094,286.08614166259736
240620a64,/projects/insightx-lab/Liver_Data/240620a64,BCLM,512x512x93,0.669921875,0.669921875,5.0,LPS,1347,3022.6364707946777,473640,1062837.0735168457,2,0.0007423904974016332,0,1,-1015.2454998779297,-897.86376953125,342.27799835205076,-1011.5015258789062,0.0,229.81791213989248,-1014.0,-889.0,343.0,-1011.56005859375,0.0,216.82501968383775
240620a65,/projects/insightx-lab/Liver_Data/240620a65,BCLM,512x512x88,0.64453125,0.64453125,5.0,LPS,29448,61166.51916503906,577459,1199441.6255950928,5,0.024959250203748982,0,1,-1014.2095336914062,-910.3087768554688,481.7381304931637,-1010.0692749023438,0.0,297.3106173706044,-1012.0,-909.0,474.0,-1012.3204345703125,-907.4132690429688,597.9269464111317
240722e100,/projects/insightx-lab/Liver_Data/240722e100,CRLM,512x512x102,0.7265625,0.7265625,5.0,LPS,2684,7084.324951171875,512937,1353879.4290161133,7,0.01751117734724292,0,1,-1018.1168371582031,-897.8596801757812,341.4434548950195,-1014.1471557617188,-19.94158172607422,254.78114517211912,-1019.0,-904.0,349.0,-1014.3969116210938,-22.626855850219727,210.10750717163017
240722e101,/projects/insightx-lab/Liver_Data/240722e101,CRLM,512x512x89,0.66015625,0.66015625,5.0,LPS,24084,52479.791564941406,560382,1221089.9583435059,4,0.005854509217737917,0,1,-1013.993765258789,-922.9168090820312,397.55628509521534,-1011.432861328125,0.0,264.70747375488327,-1015.0,-923.0,408.0,-1011.558349609375,0.0,250.84513626098635
240722e102,/projects/insightx-lab/Liver_Data/240722e102,CRLM,512x512x106,0.7820000052452087,0.7820000052452087,5.0,LPS,2842,8689.756177902222,463639,1417631.9016771317,1,0.00844475721323012,0,1,-2048.494873046875,-910.0710754394531,344.76728179931695,-2048.015869140625,-73.89847564697266,289.1444396972656,-2048.0,-918.0,340.0,-2048.023681640625,-78.0734748840332,290.2229919433594
240722e103,/projects/insightx-lab/Liver_Data/240722e103,CRLM,512x512x67,0.646484375,0.646484375,5.0,LPS,187179,391149.8721885681,706140,1475627.9857635498,1,0.0001121920728286827,0,1,-1017.191255493164,-913.6748657226562,374.6108322143582,-1016.980073852539,-921.2064208984375,415.8929324340834,-1017.0,-921.0,401.0,-1017.2060870361328,-921.23974609375,397.7518280029308
240722e104,/projects/insightx-lab/Liver_Data/240722e104,CRLM,512x512x96,0.779296875,0.779296875,5.0,LPS,6873,20869.98888015747,306301,930088.5296058655,3,0.0005819874872690237,0,1,-1024.0,-958.4734191894531,330.26182037353476,-1024.0,-107.40348434448242,297.7157736206053,-1024.0,-957.0,327.0,-1024.0,-957.0833435058594,395.40012542724605
240722e51,/projects/insightx-lab/Liver_Data/240722e51,CRLM,512x512x112,0.76171875,0.76171875,5.0,LPS,2255,6541.929244995117,560229,1625267.6181793213,1,0.0,0,0,-1024.0,-899.2384643554688,338.8919604492189,-1023.9956665039062,0.0,247.05572418212944,-1024.0,-902.0,410.0,-1023.7618243408203,0.0,207.85242736816417
240722e52,/projects/insightx-lab/Liver_Data/240722e52,CRLM,512x512x87,0.6835939884185791,0.6835939884185791,5.0,LPS,861,2011.7297236919403,326526,762929.2215542793,1,0.06852497096399536,0,1,-3024.685791015625,-986.7283325195312,275.0663925170903,-3024.0048828125,0.0,215.48674057006843,-3024.0,-988.0,283.0,-3024.0048828125,0.0,187.9848002624513
240722e53,/projects/insightx-lab/Liver_Data/240722e53,CRLM,512x512x98,0.7695310115814209,0.7695310115814209,5.0,LPS,3753,11112.219480514526,330544,978704.3634338379,1,0.0,0,0,-3024.975341796875,-911.180908203125,324.8048672485352,-3024.0068359375,0.0,228.24498733520545,-3024.0,-919.0,325.0,-3024.0068359375,0.0,204.31708831787137
240722e54,/projects/insightx-lab/Liver_Data/240722e54,CRLM,512x512x105,0.8515625,0.8515625,5.0,LPS,2106,7635.9210205078125,327780,1188462.5793457031,2,0.000949667616334283,0,1,-1024.0,-957.4134826660156,216.3822691345211,-1024.0,-45.661237716674805,245.63717300415004,-1024.0,-958.0,263.0,-1024.0,-37.86143493652344,147.54600616455025
240722e55,/projects/insightx-lab/Liver_Data/240722e55,CRLM,512x512x110,0.79296875,0.79296875,5.0,LPS,27069,85104.86000061035,389471,1224495.7305145264,5,0.0017732461487310208,0,1,-1024.0,-776.4237670898438,270.0595443725583,-1024.0,0.0,280.7899298095699,-1024.0,-917.0,323.0,-1018.3553228759765,0.0,180.9154440307616
240722e56,/projects/insightx-lab/Liver_Data/240722e56,CRLM,512x512x94,0.759765625,0.759765625,5.0,LPS,6902,19920.683708190918,567733,1638601.7855262756,2,0.022891915386844392,0,1,-1024.0,-917.093505859375,293.5420043945305,-1023.9999389648438,0.0,205.54751586914062,-1024.0,-928.0,288.0,-1023.9981079101562,0.0,188.81950683593732
240722e57,/projects/insightx-lab/Liver_Data/240722e57,CRLM,512x512x110,0.9765620231628418,0.9765620231628418,5.0,LPS,5204,24814.580898284912,338326,1613262.4705982208,2,0.0011529592621060721,0,1,-3025.218505859375,-984.2404174804688,266.390325927734,-3024.03662109375,-85.17313766479492,164.49629959106437,-3024.0,-986.0,259.0,-3024.04150390625,-80.58512878417969,131.15138031005836
240722e58,/projects/insightx-lab/Liver_Data/240722e58,CRLM,512x512x93,0.765625,0.765625,5.0,LPS,718,2104.39208984375,322620,945569.6044921875,1,0.13649025069637882,0,1,-1024.0,-953.3602905273438,233.2039675903319,-1024.0,0.0,176.9265510559082,-1024.0,-953.0,239.0,-1024.0,0.0,165.71953063964838
240722e59,/projects/insightx-lab/Liver_Data/240722e59,CRLM,512x512x99,0.78515625,0.78515625,5.0,LPS,6810,20990.814971923828,485519,1496540.3075408936,5,0.0,0,0,-1024.0,-843.8315124511719,286.98466491699196,-1024.0,0.0,197.13406524658183,-1024.0,-894.0,289.0,-1024.0,0.0,192.28117141723618
240722e60,/projects/insightx-lab/Liver_Data/240722e60,CRLM,512x512x96,0.7109375,0.7109375,5.0,LPS,10654,26924.369506835938,433708,1096049.7888183594,2,0.0002815843814529754,0,1,-1014.8616943359375,-915.0372924804688,246.3909866333007,-1012.06884765625,-34.86914825439453,247.20762207031225,-1016.0,-919.0,254.0,-1012.2740478515625,-15.884504795074463,204.02179458618144
240722e61,/projects/insightx-lab/Liver_Data/240722e61,CRLM,512x512x95,0.81640625,0.81640625,5.0,LPS,5609,18692.529983520508,334276,1114006.8020629883,1,0.01390622214298449,0,1,-1024.0,-950.9671020507812,315.97989929199366,-1024.0,0.0,214.52979537963904,-1024.0,-951.0,328.0,-1024.0,0.0,199.78851867675803
240722e62,/projects/insightx-lab/Liver_Data/240722e62,CRLM,512x512x97,0.69140625,0.69140625,5.0,LPS,2670,6381.868743896484,425174,1016256.4274597168,5,0.2,0,1,-1014.5475463867188,-927.7767333984375,395.1825054931587,-1011.9547119140625,0.0,243.34761520385723,-1015.0,-931.0,399.0,-1011.5889892578125,0.0,219.40297241210828
240722e63,/projects/insightx-lab/Liver_Data/240722e63,CRLM,512x512x102,0.7109375,0.7109375,5.0,LPS,33116,83689.45190429688,845183,2135913.2150268555,1,0.0019326005556226597,0,1,-1016.8388140869141,-626.4974670410156,417.1848303222655,-1014.0673217773438,0.0,271.45827575683575,-1017.0,-530.0,427.0,-1014.0171508789062,0.0,263.49967742919887
240722e64,/projects/insightx-lab/Liver_Data/240722e64,CRLM,512x512x101,0.76171875,0.76171875,5.0,LPS,2061,5979.120254516602,417772,1211988.8534545898,3,0.020378457059679767,0,1,-1024.0,-933.1166381835938,380.9813970947266,-1023.9999389648438,0.0,247.347281036377,-1024.0,-933.0,390.0,-1023.9996948242188,0.0,225.79126937866238
240722e65,/projects/insightx-lab/Liver_Data/240722e65,CRLM,512x512x103,0.69921875,0.69921875,4.99990177154541,LPS,21024,51392.88164520264,805635,1969363.7844479084,6,0.029014459665144595,0,1,-1008.5821954345703,-496.1641082763672,387.57013366699243,-1007.3141479492188,0.0,260.2934878540051,-1010.0,-866.0,391.0,-1008.3074151611328,0.0,256.98979980468766
240722e66,/projects/insightx-lab/Liver_Data/240722e66,CRLM,512x512x112,0.806640625,0.806640625,5.0,LPS,7642,24862.066230773926,528188,1718378.0474090576,8,0.06385762889295996,0,1,-1024.0,-937.728515625,290.7357641601566,-1024.0,0.0,189.41631347656266,-1024.0,-937.0,294.0,-1024.0,0.0,168.1192227172852
240722e67,/projects/insightx-lab/Liver_Data/240722e67,CRLM,512x512x87,0.9765620231628418,0.9765620231628418,5.0,LPS,997,4754.061713218689,214203,1021398.4765863419,1,0.06318956870611836,0,1,-3025.171875,-987.5374755859375,165.21361358642582,-3024.010009765625,-107.5136833190918,167.3825201416023,-3024.0,-992.0,195.0,-3024.013671875,-92.71882629394531,132.21175903320318
240722e68,/projects/insightx-lab/Liver_Data/240722e68,CRLM,512x512x106,0.828125,0.828125,5.0,LPS,7726,26492.10693359375,599096,2054273.271484375,2,0.0016826300802485115,0,1,-3024.98486328125,-893.0557556152344,280.02325653076207,-3024.013671875,-12.620306968688965,202.81848815917988,-3024.0,-900.0,278.0,-3024.0166015625,-8.948537826538086,172.66630371093788
240722e69,/projects/insightx-lab/Liver_Data/240722e69,CRLM,512x512x85,0.69140625,0.69140625,5.0,LPS,32993,78860.29792785645,565318,1351230.4399108887,1,0.016124632497802563,0,1,-1014.1956176757812,-882.3245544433594,278.6346450805645,-1012.4409790039062,-69.1014633178711,236.2430596923823,-1015.0,-880.0,287.0,-1012.6778564453125,-75.2843246459961,213.91409790039052
240722e70,/projects/insightx-lab/Liver_Data/240722e70,CRLM,512x512x99,0.65234375,0.65234375,5.0,LPS,12785,27203.435134887695,357618,760925.9339904785,3,0.1455612045365663,0,1,-1014.5548706054688,-795.7732543945312,262.8943557739252,-1011.2469482421875,0.0,203.15128860473618,-1014.0,-791.0,265.0,-1010.5857208251953,0.0,173.05020065307605
240722e71,/projects/insightx-lab/Liver_Data/240722e71,CRLM,512x512x89,0.7421875,0.7421875,5.0,LPS,1712,4715.2099609375,319072,878791.748046875,1,0.0,0,0,-1023.9999389648438,-945.6055297851562,254.1022712707528,-1017.3749298095703,0.0,227.25713729858433,-1024.0,-945.0,260.0,-1010.8186553955078,0.0,197.19933624267583
240722e72,/projects/insightx-lab/Liver_Data/240722e72,CRLM,512x512x108,0.927734375,0.927734375,5.0,LPS,3186,13710.808753967285,325697,1401622.498035431,1,0.0,0,0,-1024.002685546875,-996.1494750976562,279.34474853515485,-1024.0001220703125,-827.4847717285156,276.5684747314442,-1024.0,-995.0,380.0,-1024.0001220703125,-857.5632934570312,212.41888305664042
240722e73,/projects/insightx-lab/Liver_Data/240722e73,CRLM,512x512x100,0.6835939884185791,0.6835939884185791,5.0,LPS,2856,6673.054693222046,535399,1250961.768100977,1,0.00980392156862745,0,1,-3024.89697265625,-918.869873046875,398.9165161132787,-3024.008544921875,0.0,265.40415618896236,-3024.0,-937.0,416.0,-3024.00732421875,0.0,258.09487945556634
240722e74,/projects/insightx-lab/Liver_Data/240722e74,CRLM,512x512x57,0.783203125,0.783203125,5.0,LPS,172592,529345.8212280273,658594,2019931.293373108,2,0.003238852322239733,0,1,-1024.0,-860.0568542480469,296.0452493286127,-1024.0,-838.5452270507812,303.6818350219726,-1024.0,-847.0,306.0,-1024.0,-845.96142578125,276.94826843261717
240722e75,/projects/insightx-lab/Liver_Data/240722e75,CRLM,512x512x97,0.7578125,0.7578125,5.0,LPS,5248,15069.1015625,380324,1092061.9250488281,3,0.025152439024390245,0,1,-1024.0,-924.4912109375,274.62663452148263,-1023.9578857421875,0.0,239.27530197143437,-1024.0,-925.0,283.0,-1023.96630859375,0.0,211.76759826660145
240722e76,/projects/insightx-lab/Liver_Data/240722e76,CRLM,512x512x98,0.759765625,0.759765625,5.0,LPS,5153,14872.68663406372,423337,1221843.3032417297,2,0.28197166699010284,0,1,-1024.0,-950.2688598632812,373.1172528076195,-1022.9954156494141,-15.937153816223145,255.78197769165058,-1024.0,-965.0,375.0,-1021.2505969238281,0.0,249.33934448242235
240722e77,/projects/insightx-lab/Liver_Data/240722e77,CRLM,512x512x99,0.77734375,0.77734375,5.0,LPS,2324,7021.539611816406,469069,1417205.9226226807,2,0.055077452667814115,0,1,-1024.0,-911.5922241210938,271.9842651367185,-1024.0,0.0,204.6789733886717,-1024.0,-912.0,272.0,-1016.5663452148438,0.0,201.22312088012603
240722e78,/projects/insightx-lab/Liver_Data/240722e78,CRLM,512x512x88,0.7421875,0.7421875,5.0,LPS,4227,11642.051696777344,417160,1148946.8383789062,2,0.009462976105985333,0,1,-1024.0,-922.6980590820312,341.0190802001948,-1019.81884765625,0.0,227.4882203674307,-1024.0,-924.0,340.0,-1020.719970703125,0.0,170.50567291259654
240722e79,/projects/insightx-lab/Liver_Data/240722e79,CRLM,512x512x105,0.7773439884185791,0.7773439884185791,5.0,LPS,1545,4667.9369831085205,523670,1582173.8252067566,1,0.0,0,0,-3024.134521484375,-879.130126953125,316.5827651977537,-3024.035400390625,-58.38301467895508,219.86795410156242,-3024.0,-890.0,314.0,-3024.029296875,-46.504638671875,217.51340820312475
240722e80,/projects/insightx-lab/Liver_Data/240722e80,CRLM,512x512x101,0.6835939884185791,0.6835939884185791,5.0,LPS,16996,39711.217635154724,410464,959050.6728286743,3,0.004883502000470699,0,1,-3024.651611328125,-897.5060119628906,387.6582586669924,-3024.0087890625,0.0,263.3039331054688,-3024.0,-898.0,387.0,-3024.01171875,0.0,234.94716217041037
240722e81,/projects/insightx-lab/Liver_Data/240722e81,CRLM,512x512x90,0.81640625,0.81640625,5.0,LPS,4794,15976.464385986328,390310,1300745.4765319824,1,0.0,0,0,-1024.0,-905.8481750488281,310.62734039306645,-1024.0,0.0,232.49019714355472,-1024.0,-908.0,307.0,-1024.0,-909.1218566894531,356.6327096557619
240722e82,/projects/insightx-lab/Liver_Data/240722e82,CRLM,512x512x92,0.80859375,0.80859375,5.0,LPS,6344,20739.292602539062,393142,1285228.0851745605,8,0.07187894073139975,0,1,-1024.0,-922.5307006835938,305.8397396850587,-1024.0,-3.1894015073776245,256.65479278564544,-1024.0,-923.0,314.0,-1024.0,-20.72496223449707,215.91702941894619
240722e83,/projects/insightx-lab/Liver_Data/240722e83,CRLM,512x512x114,0.7734375,0.7734375,5.0,LPS,18011,53871.402282714844,453906,1357645.4791259766,2,0.0007217811337515963,0,1,-1024.0,-947.4820556640625,354.28867340088004,-1024.0,0.0,241.21032791137816,-1024.0,-947.0,356.0,-1024.0,0.0,219.09185638427766
240722e84,/projects/insightx-lab/Liver_Data/240722e84,CRLM,512x512x90,0.64453125,0.64453125,5.0,LPS,10180,21144.90509033203,589115,1223652.3342132568,1,0.0,0,0,-1010.5908813476562,-166.20738983154297,328.1567864990236,-1007.4352056884766,0.0,241.32285949707034,-1009.0,-143.0,324.0,-1016.2019653320312,-128.461181640625,352.3318121337891
240722e85,/projects/insightx-lab/Liver_Data/240722e85,CRLM,512x512x100,0.70703125,0.70703125,5.0,LPS,12533,31325.80665588379,754315,1885384.6523284912,3,0.021782494215271682,0,1,-1013.2964483642578,-114.49689865112305,298.6305288696278,-1009.129761352539,0.0,214.013184661865,-1012.0,-107.0,295.0,-1011.1990356445312,-121.04078674316406,342.1770446777318
240722e86,/projects/insightx-lab/Liver_Data/240722e86,CRLM,512x512x96,0.7820000052452087,0.7820000052452087,5.0,LPS,12205,37318.252692222595,407495,1245964.8816728592,3,0.009258500614502254,0,1,-2048.5078125,-995.3455200195312,289.4976760864257,-2048.005615234375,-8.068147659301758,237.2694068908691,-2048.0,-996.0,293.0,-2048.007568359375,-24.647140502929688,236.35426452636716
240722e87,/projects/insightx-lab/Liver_Data/240722e87,CRLM,512x512x87,0.640625,0.640625,5.0,LPS,6808,13970.029296875,461688,947384.677734375,5,0.016745005875440658,0,1,-1014.0944659423828,-816.7413024902344,300.4415243530276,-1009.558837890625,0.0,244.6854693603516,-1012.0,-793.0,300.0,-1011.9473101806641,-805.3759460449219,340.1811065673835
240722e88,/projects/insightx-lab/Liver_Data/240722e88,CRLM,512x512x105,0.79296875,0.79296875,5.0,LPS,1735,5454.83512878418,371792,1168913.0041503906,2,0.0,0,0,-1024.0,-942.2074890136719,335.66205291747985,-1024.0,0.0,244.37219467163055,-1024.0,-943.0,333.0,-1024.0,0.0,258.8452267456047
240722e89,/projects/insightx-lab/Liver_Data/240722e89,CRLM,512x512x93,0.72265625,0.72265625,5.0,LPS,24147,63051.687240600586,460591,1202676.923751831,1,0.0,0,0,-1021.7392022705078,-913.0239868164062,562.6716076660155,-1012.6136474609375,0.0,385.7343621826169,-1023.0,-912.0,657.0,-1012.4911499023438,0.0,321.9526022338865
240722e90,/projects/insightx-lab/Liver_Data/240722e90,CRLM,512x512x95,0.76953125,0.76953125,5.0,LPS,531,1572.2335052490234,388393,1149989.619216919,1,0.07344632768361582,0,1,-1024.0,-932.3446655273438,321.34178009033326,-1009.238525390625,0.0,203.01048095703163,-1024.0,-933.0,315.0,-1024.0,-930.4100341796875,369.4821853637702
240722e91,/projects/insightx-lab/Liver_Data/240722e91,CRLM,512x512x111,0.80078125,0.80078125,5.0,LPS,11221,35977.365493774414,462884,1484123.2376098633,1,0.12182514927368328,0,1,-1024.0,-924.0379943847656,384.5552996826161,-1024.0,0.0,252.850683898925,-1024.0,-924.0,371.0,-1024.0,0.0,264.7925543212875
240722e92,/projects/insightx-lab/Liver_Data/240722e92,CRLM,512x512x92,0.6953125,0.6953125,5.0,LPS,2277,5504.186096191406,539917,1305139.9404907227,2,0.0004391743522178305,0,1,-1017.130708618164,-872.2673950195312,462.64607666015945,-1012.0538940429688,0.0,299.4649804687506,-1015.0,-882.0,452.0,-1015.1643103027344,-874.6401062011719,562.0053973388694
240722e93,/projects/insightx-lab/Liver_Data/240722e93,CRLM,512x512x100,0.859375,0.859375,5.0,LPS,6998,25841.00341796875,384304,1419091.30859375,1,0.016433266647613604,0,1,-1024.000244140625,-922.88427734375,295.3777209472646,-1024.0,-89.84376525878906,203.57821273803472,-1024.0,-922.0,287.0,-1024.0,-92.34266662597656,218.8198905944813
240722e94,/projects/insightx-lab/Liver_Data/240722e94,CRLM,512x512x105,0.810546875,0.810546875,5.0,LPS,3717,12210.089206695557,325398,1068910.0370407104,3,0.020177562550443905,0,1,-1024.0,-933.3374938964844,316.53310577392574,-1024.0,-932.9455871582031,393.88787841796875,-1024.0,-934.0,319.0,-1024.0,-933.697509765625,322.89470855712887
240722e95,/projects/insightx-lab/Liver_Data/240722e95,CRLM,512x512x92,0.7820000052452087,0.7820000052452087,5.0,LPS,3089,9444.98832988739,409722,1252774.2015209198,1,0.0003237293622531564,0,1,-2048.504638671875,-997.048583984375,205.7976721191426,-2048.010498046875,-81.94267272949219,167.88777984619173,-2048.0,-997.0,212.0,-2048.013671875,-82.06491470336914,144.70988555908207
240722e96,/projects/insightx-lab/Liver_Data/240722e96,CRLM,512x512x98,0.703125,0.703125,5.0,LPS,15431,38144.256591796875,543485,1343453.5217285156,5,0.044131942194284235,0,1,-1017.0402221679688,-857.0762939453125,356.1726040649414,-1012.7545776367188,0.0,234.5190010070803,-1015.0,-846.0,356.0,-1012.887939453125,0.0,208.9754133605959
240722e97,/projects/insightx-lab/Liver_Data/240722e97,CRLM,512x512x94,0.734375,0.734375,5.0,LPS,2723,7342.659912109375,276538,745693.8989257812,5,0.0426000734484025,0,1,-1023.0098663330078,-934.8638610839844,268.6920349121092,-1013.5015869140625,0.0,199.59003601074164,-1023.0,-936.0,275.0,-1013.4224029541016,0.0,180.82261886596473
240722e98,/projects/insightx-lab/Liver_Data/240722e98,CRLM,512x512x82,0.76171875,0.76171875,5.0,LPS,474,1375.1106262207031,370485,1074805.612564087,1,0.029535864978902954,0,1,-1024.0,-949.2379150390625,288.4587295532226,-1021.0905108642578,0.0,263.0090408325193,-1024.0,-951.0,325.0,-1023.9985961914062,0.0,217.8727026367187
240722e99,/projects/insightx-lab/Liver_Data/240722e99,CRLM,512x512x99,0.7890625,0.7890625,5.0,LPS,69842,217425.00061035156,440681,1371883.2034301758,2,0.012428051888548439,0,1,-1024.0,-852.79931640625,274.7147644042948,-1024.0,-7.176602840423584,231.44832839965778,-1024.0,-856.0,282.0,-1024.0,-19.395219802856445,200.71656112670877
